"datetime","rows_in_bin","overall_completeness","hr_median","rr_median","temperature_median","temperature_calib_median","rmssd_median","hr_mean","rr_mean","temperature_mean","temperature_calib_mean","rmssd_mean","hr_min","rr_min","temperature_min","temperature_calib_min","rmssd_min","hr_max","rr_max","temperature_max","temperature_calib_max","rmssd_max","hr_missing_propn","rr_missing_propn","temperature_missing_propn","temperature_calib_missing_propn","rmssd_missing_propn"
"2025-07-05 04:05:00",32,1,84,NA,30.4,NA,224.5,85.5,NA,30.290625,NA,168.96875,82,NA,30,NA,0,95,NA,31.1,NA,338,0.375,1,0,1,0
"2025-07-05 04:10:00",300,1,80,18,33,35.899998,11,80.6466666666667,19.6851211072664,32.6538333333333,35.9355700995025,23.1433333333333,79,16,31.1,35.05,4,84,33,33.85,36.749996,207,0,0.0366666666666667,0,0.33,0
"2025-07-05 04:15:00",300,1,79,20,34,36.899998,8,79.7133333333333,20.0633333333333,33.996,36.8959979466667,10.1333333333333,77,16,33.85,36.749996,5,99,25,34,36.899998,47,0,0,0,0,0
"2025-07-05 04:20:00",300,1,82,21,35,37.899998,11,82.1933333333333,21.1866666666667,34.7308333333333,37.6308312833333,14.2733333333333,80,19,34,36.899998,5,85,26,35,37.899998,46,0,0,0,0,0
"2025-07-05 04:25:00",300,1,83,19,35,37.899998,10,84.0076045627376,18.61,35,37.899998,14.6366666666667,80,14,35,37.899998,0,89,22,35,37.899998,79,0.123333333333333,0,0,0,0
"2025-07-05 04:30:00",300,1,80,22,35,37.899998,7,80.1733333333333,21.7533333333333,35,37.899998,7.54666666666667,78,16,35,37.899998,4,83,27,35,37.899998,12,0,0,0,0,0
"2025-07-05 04:35:00",300,1,80,20,35,37.899998,18,80.1933333333333,20.04,35,37.899998,20.2166666666667,78,16,35,37.899998,7,85,24,35,37.899998,40,0,0,0,0,0
"2025-07-05 04:40:00",300,1,79,20,35,37.899998,30,79.2266666666667,20.2666666666667,35.0025,37.90249795,26.9833333333333,77,14,35,37.899998,8,87,27,35.05,37.949997,48,0,0,0,0,0
"2025-07-05 04:45:00",300,1,80,20,35,37.899998,15,80.32,20.0866666666667,35.065,37.96499795,16.6633333333333,78,19,35,37.899998,6,83,22,35.4,38.3,36,0,0,0,0,0
"2025-07-05 04:50:00",300,1,78,19,35,37.899998,20,77.8166666666667,19.56,35.0321666666667,37.9321646633333,18.8266666666667,76,17,35,37.899998,9,81,26,35.25,38.149998,29,0,0,0,0,0
"2025-07-05 04:55:00",300,1,78,19,35.775,38.6749975,21,77.69,19.38,35.7828333333333,38.6828315866667,20.4933333333333,76,15,35.2,38.1,11,80,22,36,38.899998,29,0,0,0,0,0
"2025-07-05 05:00:00",300,1,79,21,35.95,38.85,17,79.3233333333333,20.88,35.9136666666667,38.8136648433333,18.98,76,16,35.7,38.6,9,82,29,36,38.899998,35,0,0,0,0,0
"2025-07-05 05:05:00",300,1,80,20,36,38.899998,21,80.41,20.45,35.9571666666667,38.85716474,23.73,77,17,35.7,38.6,10,84,29,36,38.899998,46,0,0,0,0,0
"2025-07-05 05:10:00",300,1,77,18,36,38.899998,23,76.7566666666667,18.0533333333333,35.9675,38.8674983,23.15,75,15,35.7,38.6,9,80,26,36,38.899998,39,0,0,0,0,0
"2025-07-05 05:15:00",300,1,76,18,36,38.899998,42,76.5966101694915,18.17,35.995,38.8949981,37.09,75,16,35.9,38.8,0,81,22,36,38.899998,57,0.0166666666666667,0,0,0,0
"2025-07-05 05:20:00",300,1,78,18,35.9,38.8,33,77.9566666666667,18.7166666666667,35.9026666666667,38.8026650633333,30.98,76,16,35.75,38.649998,16,81,30,36,38.899998,48,0,0,0,0,0
"2025-07-05 05:25:00",300,1,78,18,35.9,38.8,25,78.542662116041,18.3066666666667,35.8866666666667,38.7866649166667,24.9933333333333,76,13,35.55,38.449997,0,82,20,36,38.899998,42,0.0233333333333333,0,0,0,0
"2025-07-05 05:30:00",300,1,79,18,36,38.899998,25,82.7923076923077,17.87,35.9331666666667,38.83316512,20.6466666666667,77,10,35.5,38.399998,0,97,23,36,38.899998,41,0.133333333333333,0,0,0,0
"2025-07-05 05:35:00",300,1,89,20,35.95,38.85,9,89.0912408759124,19.7866666666667,35.7266666666667,38.6266642166667,20.1666666666667,82,13,35,37.899998,0,95,24,36,38.899998,73,0.0866666666666667,0,0,0,0
"2025-07-05 05:40:00",300,1,82,19,35,37.899998,16,81.3018867924528,18.9833333333333,35.0341666666667,37.9341644666667,16.0733333333333,76,14,35,37.899998,0,87,21,35.5,38.399998,30,0.116666666666667,0,0,0,0
"2025-07-05 05:45:00",300,1,78,17.5,36,38.899998,27,77.9601449275362,17.9933333333333,35.9666666666667,38.8666648666667,32.1233333333333,76,15,35.5,38.399998,0,81,23,36,38.899998,76,0.08,0,0,0,0
"2025-07-05 05:50:00",300,1,77,18,36,38.899998,30,77.1194539249147,18.06,36,38.899998,27.0466666666667,75,15,36,38.899998,0,80,21,36,38.899998,43,0.0233333333333333,0,0.00666666666666667,0.00666666666666667,0
"2025-07-05 05:55:00",299,0.996666666666667,77,18,36,38.899998,22,77.9063545150502,18.61872909699,36,38.899998,29.9397993311037,76,16,36,38.899998,8,83,22,36,38.899998,89,0,0,0,0,0
"2025-07-05 06:00:00",300,1,81,18,36,38.899998,34,81.1714285714286,18.5066666666667,36,38.899998,49.0766666666667,79,16,36,38.899998,0,84,21,36,38.899998,129,0.0666666666666667,0,0,0,0
"2025-07-05 06:05:00",300,1,83,19,36,38.899998,31,83.7843866171004,19.0266666666667,36,38.899998,57.04,81,13,36,38.899998,0,146,25,36,38.899998,157,0.103333333333333,0,0,0,0
"2025-07-05 06:10:00",300,1,80,20,36,38.899998,20,79.4586206896552,19.2433333333333,36,38.899998,38.9533333333333,76,15,36,38.899998,0,83,22,36,38.899998,129,0.0333333333333333,0,0,0,0
"2025-07-05 06:15:00",300,1,87,20,35.75,38.649998,25,85.24,20.5333333333333,35.6886666666667,38.5886647933333,27.9166666666667,75,17,35.1,37.999996,6,96,24,36,38.899998,74,0,0,0,0,0
"2025-07-05 06:20:00",300,1,83,21,35,37.899998,11,83.37,22.0866666666667,35.038,37.9379981733333,16.3866666666667,80,18,35,37.899998,6,88,33,35.15,38.05,44,0,0,0,0,0
"2025-07-05 06:25:00",300,1,84,19,35,37.899998,17,83.9457627118644,19.4066666666667,35,37.899998,17.42,79,16,35,37.899998,0,91,23,35,37.899998,33,0.0166666666666667,0,0,0,0
"2025-07-05 06:30:00",300,1,79,20,35,37.899998,21.5,79.07,21.2366666666667,35,37.899998,21.1166666666667,76,17,35,37.899998,6,83,33,35,37.899998,36,0,0,0,0,0
"2025-07-05 06:35:00",300,1,79,19,35,37.899998,22.5,80.39,19.71,35,37.899998,24.9266666666667,77,17,35,37.899998,5,90,24,35,37.899998,49,0,0,0,0,0
"2025-07-05 06:40:00",300,1,88,19,35,37.899998,15,88.2137931034483,18.8266666666667,35,37.899998,13.6733333333333,84,14,35,37.899998,0,91,21,35,37.899998,24,0.0333333333333333,0,0,0,0
"2025-07-05 06:45:00",300,1,83,18,35,37.899998,17.5,83.06,18.4166666666667,35,37.899998,19.3666666666667,79,14,35,37.899998,5,92,21,35,37.899998,44,0,0,0,0,0
"2025-07-05 06:50:00",300,1,82,18,35,37.899998,18,82.021052631579,17.9966666666667,35,37.899998,18.0633333333333,77,14,35,37.899998,0,87,22,35,37.899998,33,0.05,0,0,0,0
"2025-07-05 06:55:00",300,1,80,18,35,37.899998,17,79.65,18.63,35,37.899998,28.8633333333333,77,17,35,37.899998,6,83,22,35,37.899998,85,0,0,0,0,0
"2025-07-05 07:00:00",300,1,80,19,36,38.899998,15,79.468992248062,18.3666666666667,35.8333333333333,38.7333315333333,15.12,77,10,35,37.899998,0,82,22,36,38.899998,29,0.14,0,0,0,0
"2025-07-05 07:05:00",300,1,80,17,36,38.899998,18,79.7458193979933,17.17,36,38.899998,20.6833333333333,75,11,36,38.899998,0,84,24,36,38.899998,39,0.00333333333333333,0,0,0,0
"2025-07-05 07:10:00",300,1,78,16,35.7,38.6,27,78.11,16.2066666666667,35.5091666666667,38.4091645666667,28.2066666666667,73,13,35,37.899998,18,84,19,36,38.899998,46,0,0,0,0,0
"2025-07-05 07:15:00",300,1,77,16,35,37.899998,25,77.3933333333333,16.7466666666667,35,37.899998,24.9866666666667,74,14,35,37.899998,11,83,27,35,37.899998,37,0,0,0,0,0
"2025-07-05 07:20:00",300,1,79,16,35,37.899998,23,78.7867132867133,16.7233333333333,35,37.899998,24.9233333333333,73,13,35,37.899998,0,84,23,35,37.899998,52,0.0466666666666667,0,0,0,0
"2025-07-05 07:25:00",300,1,82,16,35,37.899998,17,81.587982832618,15.9966666666667,35,37.899998,16.96,80,11,35,37.899998,0,84,23,35,37.899998,43,0.223333333333333,0,0,0,0
"2025-07-05 07:30:00",300,1,81,18,35,37.899998,13,81.3914590747331,18.69,35,37.899998,12.44,80,14,35,37.899998,0,84,25,35,37.899998,19,0.0633333333333333,0,0,0,0
"2025-07-05 07:35:00",300,1,81,19,35,37.899998,13,81.4941634241245,18.8066666666667,35,37.899998,14.01,78,13,35,37.899998,0,84,24,35,37.899998,26,0.143333333333333,0,0,0,0
"2025-07-05 07:40:00",300,1,83,18,35.1,37.999996,13,82.5054151624549,18.5933333333333,35.1239130434783,38.0239106722408,14.43,80,14,35,37.899998,0,85,23,35.4,38.3,27,0.0766666666666667,0,0.00333333333333333,0.00333333333333333,0
"2025-07-05 07:45:00",300,1,84,18,35.75,38.649998,14,83.6372881355932,18.2033333333333,35.7225,38.6224984,15.73,82,16,35.35,38.249996,0,86,20,35.95,38.85,34,0.0166666666666667,0,0,0,0
"2025-07-05 07:50:00",300,1,87,20,36,38.899998,13,86.4689655172414,20.0333333333333,35.9865,38.88649822,16.6233333333333,82,17,35.85,38.749996,0,91,24,36,38.899998,50,0.0333333333333333,0,0,0,0
"2025-07-05 07:55:00",300,1,84,20,36,38.899998,17,84.31,19.4966666666667,36,38.899998,28.0233333333333,82,17,36,38.899998,5,100,24,36,38.899998,68,0,0,0,0,0
"2025-07-05 08:00:00",300,1,83,19,36,38.899998,8.5,83.47,18.5033333333333,36,38.899998,8.45333333333333,82,16,36,38.899998,5,85,21,36,38.899998,12,0,0,0,0,0
"2025-07-05 08:05:00",300,1,83,19,36,38.899998,11,83.0779661016949,19.1066666666667,36,38.899998,31.38,81,17,36,38.899998,0,85,22,36,38.899998,139,0.0166666666666667,0,0,0,0
"2025-07-05 08:10:00",300,1,83,19,36,38.899998,15,82.9312977099237,18.14,36,38.899998,14.3533333333333,81,11,36,38.899998,0,86,21,36,38.899998,71,0.126666666666667,0,0,0,0
"2025-07-05 08:15:00",300,1,84,20,36,38.899998,15,85.0912408759124,18.8933333333333,36,38.899998,17.22,80,14,36,38.899998,0,91,22,36,38.899998,70,0.0866666666666667,0,0,0,0
"2025-07-05 08:20:00",300,1,81,20,36,38.899998,12,81.5842696629213,19.5666666666667,36,38.899998,15.63,80,15,36,38.899998,0,85,23,36,38.899998,50,0.11,0,0,0,0
"2025-07-05 08:25:00",300,1,83,20,36,38.899998,12,83.4280701754386,20.0066666666667,36,38.899998,17.8133333333333,80,14,36,38.899998,0,89,24,36,38.899998,69,0.05,0,0,0,0
"2025-07-05 08:30:00",300,1,92,19,36,38.899998,9,91.7761194029851,18.7633333333333,36,38.899998,13.46,87,10,36,38.899998,0,96,24,36,38.899998,66,0.106666666666667,0,0,0,0
"2025-07-05 08:35:00",300,1,87,20,36,38.899998,13,87.1084745762712,19.6666666666667,36,38.899998,20.61,84,15,36,38.899998,0,101,25,36,38.899998,66,0.0166666666666667,0,0,0,0
"2025-07-05 08:40:00",300,1,86,20,36,38.899998,18,86.5448275862069,19.6066666666667,36,38.899998,26.5066666666667,82,11,36,38.899998,0,96,24,36,38.899998,70,0.0333333333333333,0,0,0,0
"2025-07-05 08:45:00",300,1,86,20,36,38.899998,15,85.9224137931034,19.0633333333333,36,38.899998,14.1366666666667,81,13,36,38.899998,0,90,23,36,38.899998,33,0.226666666666667,0,0,0,0
"2025-07-05 08:50:00",300,1,84,21,36,38.899998,14,83.7014388489209,20.8033333333333,36,38.899998,12.7666666666667,78,17,36,38.899998,0,88,23,36,38.899998,22,0.0733333333333333,0,0,0,0
"2025-07-05 08:55:00",300,1,80,18,36,38.899998,10,80.5,18.0033333333333,36,38.899998,9.49,79,14,36,38.899998,0,83,23,36,38.899998,20,0.226666666666667,0,0,0,0
"2025-07-05 09:00:00",300,1,79,19,36,38.899998,13,79.412017167382,17.89,36,38.899998,11.2333333333333,77,10,36,38.899998,0,82,22,36,38.899998,22,0.223333333333333,0,0,0,0
"2025-07-05 09:05:00",300,1,79,19,36,38.899998,17,79.1083032490975,18.4633333333333,36,38.899998,17.1266666666667,77,15,36,38.899998,0,80,21,36,38.899998,40,0.0766666666666667,0,0,0,0
"2025-07-05 09:10:00",300,1,80,18.5,36,38.899998,18,79.7132867132867,18.5633333333333,36,38.899998,18.7433333333333,78,15,36,38.899998,0,81,23,36,38.899998,37,0.0466666666666667,0,0,0,0
"2025-07-05 09:15:00",300,1,81,18,36,38.899998,14,80.6958041958042,18.2966666666667,36.205,39.1049982,14.6666666666667,79,13,36,38.899998,0,83,22,37,39.899998,38,0.0466666666666667,0,0,0,0
"2025-07-05 09:20:00",300,1,82,19.5,36.35,39.249996,14,81.6733333333333,19.58,36.4725,39.3724979,17.99,80,18,36,38.899998,9,85,23,37,39.899998,39,0,0,0,0,0
"2025-07-05 09:25:00",300,1,81,20,36,38.899998,12,80.97,19.8533333333333,36,38.899998,15.05,79,17,36,38.899998,8,84,22,36,38.899998,30,0,0,0,0,0
"2025-07-05 09:30:00",300,1,80,22,36,38.899998,18,81.57,21.9966666666667,36,38.899998,22.12,78,17,36,38.899998,8,89,25,36,38.899998,54,0,0,0,0,0
"2025-07-05 09:35:00",300,1,81,22,36,38.899998,16,81.0266666666667,21.1833333333333,36,38.899998,17.3,78,18,36,38.899998,9,85,24,36,38.899998,98,0,0,0,0,0
"2025-07-05 09:40:00",300,1,83,19,36,38.899998,14,82.6066666666667,18.8266666666667,36,38.899998,29.8866666666667,80,17,36,38.899998,5,85,20,36,38.899998,99,0,0,0,0,0
"2025-07-05 09:45:00",300,1,83,19,36,38.899998,12,83.3466666666667,18.5466666666667,36,38.899998,16.5433333333333,80,14,36,38.899998,5,86,22,36,38.899998,67,0,0,0,0,0
"2025-07-05 09:50:00",300,1,82,20,36,38.899998,15,81.8766666666667,20.1033333333333,36,38.899998,16.49,79,16,36,38.899998,8,85,24,36,38.899998,32,0,0,0,0,0
"2025-07-05 09:55:00",300,1,82,19,36,38.899998,10,82.8561872909699,19.38,36,38.899998,10.37,80,17,36,38.899998,0,88,22,36,38.899998,18,0.00333333333333333,0,0,0,0
"2025-07-05 10:00:00",300,1,82,19,36,38.899998,17,81.945945945946,18.85,36,38.899998,15.49,80,17,36,38.899998,0,86,21,36,38.899998,27,0.0133333333333333,0,0,0,0
"2025-07-05 10:05:00",300,1,82,19,36,38.899998,13,82.3819444444444,18.8866666666667,36,38.899998,33.0933333333333,79,17,36,38.899998,0,101,21,36,38.899998,138,0.04,0,0,0,0
"2025-07-05 10:10:00",300,1,85,19,36,38.899998,10,85.5152671755725,18.4866666666667,36,38.899998,10.3933333333333,83,14,36,38.899998,0,90,22,36,38.899998,25,0.126666666666667,0,0,0,0
"2025-07-05 10:15:00",300,1,83,20,36,38.899998,11,82.5494880546075,19.8333333333333,36,38.899998,13.64,81,18,36,38.899998,0,85,22,36,38.899998,40,0.0233333333333333,0,0,0,0
"2025-07-05 10:20:00",300,1,82,19,36,38.899998,17,81.4877192982456,19.3866666666667,36,38.899998,23.7133333333333,78,17,36,38.899998,0,85,22,36,38.899998,72,0.05,0,0,0,0
"2025-07-05 10:25:00",298,0.993333333333333,82,20,36,38.899998,18,81.5925925925926,20.0486891385768,36,38.899998,21.2046979865772,79,15,36,38.899998,0,85,23,36,38.899998,34,0.00335570469798658,0.104026845637584,0,0,0
"2025-07-05 10:30:00",300,1,82,19,36,38.899998,8,81.7820069204152,18.2666666666667,36,38.899998,8.93,80,15,36,38.899998,0,84,20,36,38.899998,16,0.0366666666666667,0,0,0,0
"2025-07-05 10:35:00",300,1,82,19,36,38.899998,11,82.5466666666667,19.3966666666667,36,38.899998,21.0233333333333,80,18,36,38.899998,4,85,21,36,38.899998,67,0,0,0,0,0
"2025-07-05 10:40:00",300,1,83,20,36,38.899998,11,82.5133333333333,20.1266666666667,36,38.899998,21.6,80,18,36,38.899998,6,85,24,36,38.899998,69,0,0,0,0,0
"2025-07-05 10:45:00",300,1,82,20,36,38.899998,15,81.8304498269896,19.82,36,38.899998,14.81,80,13,36,38.899998,0,86,23,36,38.899998,22,0.0366666666666667,0,0,0,0
"2025-07-05 10:50:00",300,1,86,21,36,38.899998,11,86.8007518796992,19.7233333333333,36,38.899998,14.7566666666667,84,10,36,38.899998,0,94,25,36,38.899998,45,0.113333333333333,0,0,0,0
"2025-07-05 10:55:00",300,1,90,17,36,38.899998,24,90.2840909090909,17.96,36,38.899998,22.4833333333333,87,12,36,38.899998,0,96,26,36,38.899998,52,0.12,0,0,0,0
"2025-07-05 11:00:00",300,1,79,19,36,38.899998,20,80.2332155477032,19.2733333333333,36,38.899998,25.6566666666667,76,13,36,38.899998,0,87,26,36,38.899998,71,0.0566666666666667,0,0,0,0
"2025-07-05 11:05:00",300,1,76,20,36,38.899998,26,75.6433333333333,19.6966666666667,36,38.899998,29.2333333333333,74,17,36,38.899998,15,78,23,36,38.899998,58,0,0,0,0,0
"2025-07-05 11:10:00",300,1,75,19,36,38.899998,31,75.4533333333333,19.5333333333333,36.0025,38.90249795,30.55,73,16,36,38.899998,21,80,25,36.05,38.949997,44,0,0,0,0,0
"2025-07-05 11:15:00",300,1,76,20,36,38.899998,37,75.7933333333333,20.0366666666667,36.0275,38.92749825,43.9566666666667,74,15,36,38.899998,13,79,24,36.2,39.1,85,0,0,0,0,0
"2025-07-05 11:20:00",300,1,77,20,36,38.899998,34,76.7966666666667,20.01,36.1235,39.02349768,33.69,74,17,36,38.899998,14,80,27,36.65,39.55,49,0,0,0,0,0
"2025-07-05 11:25:00",300,1,76.5,19,36.1,38.999996,31,76.63,19.29,36.1915,39.09149792,29.9066666666667,75,16,36,38.899998,16,80,27,36.85,39.749996,43,0,0,0,0,0
"2025-07-05 11:30:00",300,1,77,20,36,38.899998,29,76.6833333333333,20.4066666666667,36,38.899998,26.53,75,17,36,38.899998,11,80,32,36,38.899998,43,0,0,0,0,0
"2025-07-05 11:35:00",300,1,77,20,36,38.899998,30,77.67,19.7033333333333,36,38.899998,32.15,76,17,36,38.899998,12,83,23,36,38.899998,53,0,0,0,0,0
"2025-07-05 11:40:00",300,1,79,20,36,38.899998,31,78.9833333333333,19.9966666666667,36,38.899998,28.48,76,18,36,38.899998,11,83,24,36,38.899998,38,0,0,0,0,0
"2025-07-05 11:45:00",300,1,79,20,36,38.899998,31,78.8466666666667,20.1133333333333,36,38.899998,28.4333333333333,76,17,36,38.899998,8,82,22,36,38.899998,43,0,0,0,0,0
"2025-07-05 11:50:00",300,1,78,19,36,38.899998,28,77.68,18.78,36,38.899998,30.91,75,16,36,38.899998,12,80,22,36,38.899998,64,0,0,0,0,0
"2025-07-05 11:55:00",300,1,78,19,36,38.899998,24,78.42,20.1666666666667,36,38.899998,24.0733333333333,76,17,36,38.899998,13,81,34,36,38.899998,34,0,0.02,0,0,0
"2025-07-05 12:00:00",300,1,78,20,36,38.899998,30,78.17,19.9966666666667,36.0445,38.94449806,30.6466666666667,76,18,36,38.899998,12,81,23,36.3,39.199997,44,0,0,0,0,0
"2025-07-05 12:05:00",300,1,78,19,36.05,38.949997,29.5,80.2068965517241,19.06,36.1005,39.00049784,41.0966666666667,75,9,36,38.899998,0,152,24,36.4,39.3,134,0.13,0,0,0,0
"2025-07-05 12:10:00",300,1,86,21,36,38.899998,16,86.5559322033898,21.3366666666667,36,38.899998,21.9033333333333,81,11,36,38.899998,0,93,28,36,38.899998,53,0.0166666666666667,0,0,0,0
"2025-07-05 12:15:00",300,1,79,21,36,38.899998,18,78.4915254237288,21.0133333333333,36,38.899998,17.8533333333333,76,17,36,38.899998,0,82,30,36,38.899998,32,0.0166666666666667,0,0,0,0
"2025-07-05 12:20:00",300,1,78,20,36,38.899998,25,77.82,19.8666666666667,36,38.899998,27.6,75,17,36,38.899998,13,87,25,36,38.899998,44,0,0,0,0,0
"2025-07-05 12:25:00",300,1,78,21,36,38.899998,38,79.248275862069,21.1933333333333,36,38.899998,37.73,76,15,36,38.899998,0,87,30,36,38.899998,70,0.0333333333333333,0,0,0,0
"2025-07-05 12:30:00",300,1,78,19,36,38.899998,27,78.0850340136054,20.2566666666667,36,38.899998,26.7533333333333,76,17,36,38.899998,0,80,33,36,38.899998,50,0.02,0,0,0,0
"2025-07-05 12:35:00",300,1,78,20,36,38.899998,25,78.7366666666667,20.8033333333333,36.054,38.95399807,26.2533333333333,76,14,36,38.899998,13,86,32,36.25,39.149998,38,0,0,0,0,0
"2025-07-05 12:40:00",300,1,84,21,36,38.899998,21,84.1180555555556,20.5066666666667,36.0255,38.92549824,21.2533333333333,79,15,36,38.899998,0,94,25,36.15,39.05,43,0.04,0,0,0,0
"2025-07-05 12:45:00",300,1,78,21,36,38.899998,30,78.6066666666667,21.6633333333333,36.0055,38.90549789,29.9033333333333,76,19,36,38.899998,11,82,29,36.1,38.999996,51,0,0,0,0,0
"2025-07-05 12:50:00",300,1,77,20,36,38.899998,21,77.2166666666667,20.12,36.0745,38.97449786,20.1833333333333,75,17,36,38.899998,7,79,28,36.8,39.699997,33,0,0,0,0,0
"2025-07-05 12:55:00",300,1,77,20,37,39.899998,30,77.7066666666667,20.4733333333333,36.9955,39.89549809,32.4033333333333,75,17,36.8,39.699997,16,80,26,37,39.899998,50,0,0,0,0,0
"2025-07-05 13:00:00",300,1,80.5,20,37,39.899998,34,80.75,19.1333333333333,36.9645,39.86449776,35.86,78,12,36.8,39.699997,0,84,24,37,39.899998,82,0.0533333333333333,0,0,0,0
"2025-07-05 13:05:00",300,1,84,20,36.1,38.999996,51,84.9106382978723,17.2033333333333,36.213,39.11299769,37.9833333333333,80,8,36,38.899998,0,92,26,36.8,39.699997,85,0.216666666666667,0,0,0,0
"2025-07-05 13:10:00",300,1,76,20,37,39.899998,20,76.58,19.7166666666667,36.7075,39.60749795,21.0566666666667,73,17,36,38.899998,11,81,22,37,39.899998,52,0,0,0,0,0
"2025-07-05 13:15:00",300,1,74,19,37,39.899998,24,74.4166666666667,19.0466666666667,37,39.899998,24.74,73,17,37,39.899998,9,81,21,37,39.899998,45,0,0,0,0,0
"2025-07-05 13:20:00",300,1,74,18,37,39.899998,26,74.4,17.6266666666667,37,39.899998,26.09,71,16,37,39.899998,0,79,19,37,39.899998,46,0.0166666666666667,0,0,0,0
"2025-07-05 13:25:00",300,1,73,17,37,39.899998,30,73.58,17.0566666666667,37,39.899998,33.7266666666667,70,15,37,39.899998,16,79,19,37,39.899998,62,0,0,0,0,0
"2025-07-05 13:30:00",300,1,73,17,37,39.899998,28,73.35,16.7,37.005,39.9049979,26.1133333333333,72,14,37,39.899998,7,75,22,37.05,39.949997,39,0,0,0,0,0
"2025-07-05 13:35:00",300,1,74,16,37.2,40.1,26,73.9133333333333,16.28,37.3835,40.28349843,30.6333333333333,71,14,37,39.899998,10,76,22,38,40.899998,69,0,0,0,0,0
"2025-07-05 13:40:00",300,1,73,15,38,40.899998,37,73.6066666666667,15.5033333333333,37.9765,40.87649802,41.47,71,13,37.7,40.6,13,79,20,38,40.899998,75,0,0,0,0,0
"2025-07-05 13:45:00",300,1,73,16,38,40.899998,24,73.04,15.39,38,40.899998,30.0566666666667,71,13,38,40.899998,16,76,18,38,40.899998,70,0,0,0,0,0
"2025-07-05 13:50:00",300,1,73,15,38,40.899998,31,73.4266666666667,15.8933333333333,38,40.899998,37.87,71,13,38,40.899998,9,80,19,38,40.899998,77,0,0,0,0,0
"2025-07-05 13:55:00",300,1,74,17,38,40.899998,23,74.4310954063604,16.6666666666667,38,40.899998,22.6933333333333,71,12,38,40.899998,0,79,20,38,40.899998,74,0.0566666666666667,0,0,0,0
"2025-07-05 14:00:00",300,1,78,17,38,40.899998,24.5,78.4149377593361,16.9833333333333,38,40.899998,21.4133333333333,76,12,38,40.899998,0,82,21,38,40.899998,47,0.196666666666667,0,0,0,0
"2025-07-05 14:05:00",300,1,78,19,38,40.899998,18,78.0077519379845,18.7933333333333,38,40.899998,16.4566666666667,74,13,38,40.899998,0,81,24,38,40.899998,27,0.14,0,0,0,0
"2025-07-05 14:10:00",300,1,79,17.5,38,40.899998,23,78.5776892430279,17.3666666666667,38,40.899998,19.8733333333333,76,11,38,40.899998,0,81,22,38,40.899998,30,0.163333333333333,0,0,0,0
"2025-07-05 14:15:00",300,1,78,19,38,40.899998,22,78.1418439716312,19.2366666666667,38,40.899998,19.7466666666667,75,17,38,40.899998,0,80,24,38,40.899998,35,0.06,0,0,0,0
"2025-07-05 14:20:00",300,1,77,19,37.575,40.4749965,22,78.3775510204082,18.8766666666667,37.659,40.55899842,28.3466666666667,73,14,37.2,40.1,0,150,23,38,40.899998,150,0.02,0,0,0,0
"2025-07-05 14:25:00",300,1,78,19,37,39.899998,21,77.9275862068965,18.7433333333333,37.086,39.98599813,35.3533333333333,74,14,37,39.899998,0,81,24,37.6,40.499996,151,0.0333333333333333,0,0,0,0
"2025-07-05 14:30:00",300,1,78,19,37,39.899998,17,77.7593220338983,18.5566666666667,37,39.899998,27.3166666666667,75,16,37,39.899998,0,80,21,37,39.899998,72,0.0166666666666667,0,0,0,0
"2025-07-05 14:35:00",300,1,77,19,37,39.899998,22,76.6489361702128,18.5566666666667,37,39.899998,21.8866666666667,74,13,37,39.899998,0,79,21,37,39.899998,40,0.06,0,0,0,0
"2025-07-05 14:40:00",300,1,77,20,37,39.899998,16,77.4271186440678,18.99,37,39.899998,15.1533333333333,75,15,37,39.899998,0,80,22,37,39.899998,27,0.0166666666666667,0,0,0,0
"2025-07-05 14:45:00",300,1,77,18,37,39.899998,27,77.3763440860215,17.7833333333333,37,39.899998,30.5133333333333,74,13,37,39.899998,0,81,23,37,39.899998,84,0.07,0,0,0,0
"2025-07-05 14:50:00",300,1,77,18,37,39.899998,18,77.1648351648352,17.6633333333333,37.0025,39.90249795,17.2433333333333,73,11,37,39.899998,0,81,21,37.05,39.949997,29,0.09,0,0,0,0
"2025-07-05 14:55:00",300,1,79,17,37,39.899998,15,79.1825396825397,16.7633333333333,37,39.899998,15.6266666666667,76,12,37,39.899998,0,84,19,37,39.899998,39,0.16,0,0,0,0
"2025-07-05 15:00:00",300,1,78,19,37,39.899998,21,77.5034722222222,18.8133333333333,37,39.899998,23.4866666666667,74,15,37,39.899998,0,81,22,37,39.899998,48,0.04,0,0,0,0
"2025-07-05 15:05:00",300,1,78,17,37,39.899998,18,77.6325088339223,17.54,37,39.899998,25.2433333333333,74,14,37,39.899998,0,81,23,37,39.899998,68,0.0566666666666667,0,0,0,0
"2025-07-05 15:10:00",300,1,80,20,37,39.899998,19.5,79.978102189781,19.25,37,39.899998,18.2833333333333,76,14,37,39.899998,0,83,29,37,39.899998,32,0.0866666666666667,0,0,0,0
"2025-07-05 15:15:00",300,1,89,19,37,39.899998,14,90.4592592592593,19.2633333333333,37,39.899998,12.3466666666667,83,11,37,39.899998,0,97,27,37,39.899998,30,0.1,0,0,0,0
"2025-07-05 15:20:00",300,1,80,22,36.95,39.85,20,81.5266903914591,21.6333333333333,36.54,39.439998,27.24,76,17,36,38.899998,0,91,26,37,39.899998,71,0.0633333333333333,0,0,0,0
"2025-07-05 15:25:00",300,1,76,19,36,38.899998,15,76.4879725085911,18.9133333333333,36,38.899998,13.8166666666667,74,17,36,38.899998,0,79,23,36,38.899998,29,0.03,0,0,0,0
"2025-07-05 15:30:00",300,1,77,20,36,38.899998,25,77.3085106382979,19.0233333333333,36,38.899998,31.9266666666667,74,14,36,38.899998,0,83,25,36,38.899998,83,0.06,0,0,0,0
"2025-07-05 15:35:00",300,1,77,18,36,38.899998,20,77.5296167247387,18.0833333333333,36,38.899998,19.5366666666667,75,14,36,38.899998,0,85,22,36,38.899998,31,0.0433333333333333,0,0,0,0
"2025-07-05 15:40:00",300,1,77,17,37,39.899998,15,77.5833333333333,16.87,36.73,39.62999805,15.2833333333333,75,12,36,38.899998,0,85,21,37,39.899998,25,0.08,0,0,0,0
"2025-07-05 15:45:00",300,1,75,16,37,39.899998,22,74.7950530035336,15.6766666666667,37,39.899998,31.96,71,11,37,39.899998,0,81,20,37,39.899998,64,0.0566666666666667,0,0,0,0
"2025-07-05 15:50:00",300,1,77,18,37,39.899998,18,77.0965250965251,17.4733333333333,37,39.899998,18.8833333333333,75,13,37,39.899998,0,80,21,37,39.899998,45,0.136666666666667,0,0,0,0
"2025-07-05 15:55:00",300,1,78,19,37,39.899998,30,77.9710144927536,18.5166666666667,37,39.899998,26.73,73,14,37,39.899998,0,83,23,37,39.899998,45,0.08,0,0,0,0
"2025-07-05 16:00:00",300,1,81,18,37,39.899998,14,81.0300429184549,18.1404682274247,37,39.899998,13.7633333333333,78,10,37,39.899998,0,84,35,37,39.899998,27,0.223333333333333,0.00333333333333333,0,0,0
"2025-07-05 16:05:00",300,1,77,16,37,39.899998,20.5,77.3430962343096,15.6333333333333,37,39.899998,18.9933333333333,74,11,37,39.899998,0,81,19,37,39.899998,38,0.203333333333333,0,0,0,0
"2025-07-05 16:10:00",300,1,77,15,37,39.899998,23,76.6229508196721,14.9066666666667,37,39.899998,20.69,72,11,37,39.899998,0,80,19,37,39.899998,44,0.186666666666667,0,0,0,0
"2025-07-05 16:15:00",300,1,74,18,37,39.899998,24,74.18,17.9066666666667,37,39.899998,26.2733333333333,71,14,37,39.899998,13,80,23,37,39.899998,41,0,0,0,0,0
"2025-07-05 16:20:00",300,1,74,18,37.2,40.1,25,74.0633333333333,17.88,37.232,40.13199821,23.71,72,14,37,39.899998,7,77,23,37.75,40.649998,35,0,0,0,0,0
"2025-07-05 16:25:00",300,1,74,17,37.35,40.249996,26,74.3366666666667,16.9,37.395,40.29499815,26.8433333333333,72,14,37.05,39.949997,15,79,20,37.95,40.85,43,0,0,0,0,0
"2025-07-05 16:30:00",300,1,75,16,37.65,40.55,41,75.03,17.0066666666667,37.672,40.57199816,40.2833333333333,72,14,37.3,40.199997,11,82,22,37.95,40.85,81,0,0,0,0,0
"2025-07-05 16:35:00",300,1,75,16,37.8,40.699997,30,75.12,16.4433333333333,37.7915,40.69149826,35.2166666666667,73,14,37.55,40.449997,10,77,24,37.95,40.85,73,0,0,0,0,0
"2025-07-05 16:40:00",300,1,75,16,38,40.899998,24,75.2033333333333,16.58,37.9545,40.85449832,24.44,72,13,37.8,40.699997,6,81,21,38,40.899998,44,0,0,0,0,0
"2025-07-05 16:45:00",300,1,75,16,38,40.899998,12,75.32,16.2466666666667,38,40.899998,14.3266666666667,73,14,38,40.899998,7,78,23,38,40.899998,29,0,0,0,0,0
"2025-07-05 16:50:00",300,1,75,16,38,40.899998,16,75.3166666666667,16.5566666666667,38,40.899998,17.3766666666667,73,14,38,40.899998,7,77,21,38,40.899998,29,0,0,0,0,0
"2025-07-05 16:55:00",300,1,75,16,38,40.899998,21.5,75.3566666666667,16.0833333333333,37.9975,40.8974981,21.71,73,13,37.95,40.85,7,83,22,38,40.899998,45,0,0,0,0,0
"2025-07-05 17:00:00",300,1,80,18,38,40.899998,23,79.7226277372263,17.8133333333333,38,40.899998,26.0266666666667,74,13,38,40.899998,0,88,23,38,40.899998,54,0.0866666666666667,0,0,0,0
"2025-07-05 17:05:00",300,1,84,18,38,40.899998,14,83.8851851851852,17.6933333333333,37.9025,40.80249815,19.35,80,14,37,39.899998,0,89,20,38,40.899998,54,0.1,0,0,0,0
"2025-07-05 17:10:00",298,0.993333333333333,80,18,37,39.899998,20,80.3086419753086,18.0898876404494,37,39.899998,21.989932885906,76,14,37,39.899998,0,87,23,37,39.899998,60,0.184563758389262,0.104026845637584,0,0,0
"2025-07-05 17:15:00",300,1,76,18,37,39.899998,28,76.64,18.2333333333333,37,39.899998,35.0466666666667,73,16,37,39.899998,15,87,22,37,39.899998,70,0,0,0,0,0
"2025-07-05 17:20:00",300,1,75,17,37,39.899998,31,75.46,17.1033333333333,37,39.899998,38.7633333333333,73,14,37,39.899998,21,83,23,37,39.899998,86,0,0,0,0,0
"2025-07-05 17:25:00",300,1,75,16,37,39.899998,36,75.2166666666667,16.97,37,39.899998,36.7666666666667,71,14,37,39.899998,16,80,24,37,39.899998,66,0,0,0,0,0
"2025-07-05 17:30:00",300,1,75,16,37,39.899998,32,74.7833333333333,17.06,37,39.899998,32.5033333333333,72,14,37,39.899998,14,78,25,37,39.899998,51,0,0,0,0,0
"2025-07-05 17:35:00",300,1,75,16,37,39.899998,29,74.6833333333333,16.86,37,39.899998,26.8166666666667,72,14,37,39.899998,8,77,23,37,39.899998,39,0,0,0,0,0
"2025-07-05 17:40:00",300,1,76,15,37,39.899998,33,75.5933333333333,15.5866666666667,37,39.899998,36.3966666666667,72,13,37,39.899998,8,78,18,37,39.899998,62,0,0,0,0,0
"2025-07-05 17:45:00",300,1,80,18,37,39.899998,25,78.9392857142857,17.99,37,39.899998,24.9866666666667,73,13,37,39.899998,0,85,22,37,39.899998,61,0.0666666666666667,0,0,0,0
"2025-07-05 17:50:00",300,1,80,17,37,39.899998,19,79.8192307692308,16.7333333333333,37,39.899998,20.1233333333333,74,14,37,39.899998,0,87,20,37,39.899998,40,0.133333333333333,0,0,0,0
"2025-07-05 17:55:00",300,1,75,16,37,39.899998,33,74.5766666666667,16.21,37,39.899998,37.43,71,14,37,39.899998,17,81,19,37,39.899998,74,0,0,0,0,0
"2025-07-05 18:00:00",300,1,73,16,37,39.899998,38,72.7266666666667,15.9233333333333,37,39.899998,38.2033333333333,69,14,37,39.899998,24,76,21,37,39.899998,53,0,0,0,0,0
"2025-07-05 18:05:00",300,1,72,16,37,39.899998,39,72.09,16.83,37,39.899998,38.17,69,14,37,39.899998,10,75,21,37,39.899998,54,0,0,0,0,0
"2025-07-05 18:10:00",300,1,72,17,37,39.899998,30,72.33,17.4066666666667,37,39.899998,35.3866666666667,70,13,37,39.899998,8,78,23,37,39.899998,69,0,0,0,0,0
"2025-07-05 18:15:00",300,1,73,16,37,39.899998,25,73.1333333333333,16.4666666666667,37,39.899998,39.57,69,14,37,39.899998,12,100,20,37,39.899998,113,0,0,0,0,0
"2025-07-05 18:20:00",300,1,74,17,37,39.899998,28,73.81,17.5133333333333,37,39.899998,28.95,72,14,37,39.899998,14,77,22,37,39.899998,45,0,0,0,0,0
"2025-07-05 18:25:00",300,1,79,17,37,39.899998,27,79.1213235294118,16.8733333333333,37,39.899998,25.0233333333333,73,11,37,39.899998,0,85,21,37,39.899998,43,0.0933333333333333,0,0,0,0
"2025-07-05 18:30:00",300,1,80,18,37,39.899998,23,79.8021978021978,17.69,37,39.899998,20.7766666666667,75,14,37,39.899998,0,86,22,37,39.899998,32,0.09,0,0,0,0
"2025-07-05 18:35:00",300,1,79,18,37,39.899998,22.5,79.2129963898917,18.27,37,39.899998,25.0266666666667,73,15,37,39.899998,0,86,22,37,39.899998,44,0.0766666666666667,0,0,0,0
"2025-07-05 18:40:00",300,1,80,20,37,39.899998,23,80.1818181818182,19.8466666666667,37,39.899998,38.0866666666667,75,15,37,39.899998,0,86,25,37,39.899998,139,0.0833333333333333,0,0,0,0
"2025-07-05 18:45:00",300,1,77,17.5,37,39.899998,26,77.3466666666667,17.6333333333333,37,39.899998,27.22,73,15,37,39.899998,11,83,21,37,39.899998,57,0,0,0,0,0
"2025-07-05 18:50:00",300,1,78,19,37,39.899998,21,78.3310580204778,19.3733333333333,37,39.899998,23.65,75,16,37,39.899998,0,82,24,37,39.899998,49,0.0233333333333333,0,0,0,0
"2025-07-05 18:55:00",300,1,84,20,37,39.899998,16,84.8491228070176,19.7133333333333,37,39.899998,23.35,79,13,37,39.899998,0,95,24,37,39.899998,75,0.05,0,0,0,0
"2025-07-05 19:00:00",300,1,87,20,36.75,39.649998,18,87.9487179487179,19.6433333333333,36.5625,39.4624981,19.7633333333333,82,13,36,38.899998,0,94,23,37,39.899998,44,0.09,0,0,0,0
"2025-07-05 19:05:00",300,1,80,20,36,38.899998,18,80.0203389830508,20.17,36,38.899998,20.2866666666667,76,17,36,38.899998,0,85,24,36,38.899998,39,0.0166666666666667,0,0,0,0
"2025-07-05 19:10:00",300,1,77,19,36,38.899998,25,77.35,19.2733333333333,36,38.899998,28.2,75,17,36,38.899998,9,80,22,36,38.899998,74,0,0,0,0,0
"2025-07-05 19:15:00",300,1,77,20,36,38.899998,22,77.0433333333333,20.3133333333333,36,38.899998,23.1533333333333,74,17,36,38.899998,10,83,27,36,38.899998,67,0,0,0,0,0
"2025-07-05 19:20:00",300,1,79,19,36,38.899998,16,79.0612244897959,19.3466666666667,36,38.899998,29.6666666666667,76,15,36,38.899998,0,83,26,36,38.899998,74,0.02,0,0,0,0
"2025-07-05 19:25:00",300,1,81,19,36,38.899998,14,81.3007246376812,18.4933333333333,36,38.899998,12.64,79,14,36,38.899998,0,87,21,36,38.899998,20,0.08,0,0,0,0
"2025-07-05 19:30:00",300,1,80,19,36,38.899998,10,80.3956834532374,18.4166666666667,36.1465,39.04649837,16.2266666666667,78,12,36,38.899998,0,86,22,37,39.899998,56,0.0733333333333333,0,0,0,0
"2025-07-05 19:35:00",300,1,81,18,37,39.899998,12,80.982332155477,17.9033333333333,36.9935,39.89349818,17.5133333333333,78,14,36.9,39.8,0,86,22,37,39.899998,45,0.0566666666666667,0,0,0,0
"2025-07-05 19:40:00",300,1,80,20,37,39.899998,20,79.4432989690722,19.7366666666667,37,39.899998,30.2466666666667,76,11,37,39.899998,0,83,26,37,39.899998,103,0.03,0,0,0,0
"2025-07-05 19:45:00",300,1,79,18,37,39.899998,22,79.3905109489051,17.63,37,39.899998,22.0833333333333,76,13,37,39.899998,0,83,21,37,39.899998,41,0.0866666666666667,0,0,0,0
"2025-07-05 19:50:00",300,1,79,19,37,39.899998,16.5,78.8927335640138,18.8733333333333,37,39.899998,16.4766666666667,75,16,37,39.899998,0,84,24,37,39.899998,30,0.0366666666666667,0,0,0,0
"2025-07-05 19:55:00",300,1,79,19,37,39.899998,15,79.2290909090909,18.7133333333333,37,39.899998,19.8333333333333,76,12,37,39.899998,0,84,23,37,39.899998,57,0.0833333333333333,0,0,0,0
"2025-07-05 20:00:00",300,1,79,17,37,39.899998,12,79.494623655914,16.4933333333333,37,39.899998,13.06,75,12,37,39.899998,0,84,20,37,39.899998,25,0.07,0,0,0,0
"2025-07-05 20:05:00",300,1,77,19,37,39.899998,18,77.1374570446735,18.5766666666667,37,39.899998,18.15,75,15,37,39.899998,0,81,21,37,39.899998,27,0.03,0,0,0,0
"2025-07-05 20:10:00",300,1,78,20,37,39.899998,17,77.9066666666667,18.94,37,39.899998,15.45,74,15,37,39.899998,7,80,22,37,39.899998,23,0,0,0,0,0
"2025-07-05 20:15:00",300,1,81,19,37,39.899998,14,80.2393822393822,18.9233333333333,37,39.899998,15.7966666666667,76,13,37,39.899998,0,83,24,37,39.899998,50,0.136666666666667,0,0,0,0
"2025-07-05 20:20:00",300,1,80,19,37,39.899998,21.5,79.7509025270758,18.4833333333333,37,39.899998,22.2533333333333,76,12,37,39.899998,0,83,23,37,39.899998,50,0.0766666666666667,0,0,0,0
"2025-07-05 20:25:00",300,1,81,19,37,39.899998,17,81.1263537906137,19.05,37,39.899998,32.14,79,15,37,39.899998,0,85,23,37,39.899998,138,0.0766666666666667,0,0,0,0
"2025-07-05 20:30:00",300,1,79,18,37,39.899998,17,78.5566666666667,19.0366666666667,37,39.899998,18.12,75,14,37,39.899998,5,81,27,37,39.899998,97,0,0,0,0,0
"2025-07-05 20:35:00",300,1,77,20,37,39.899998,23,77.7533333333333,19.7466666666667,37,39.899998,23.88,74,16,37,39.899998,9,83,25,37,39.899998,45,0,0,0,0,0
"2025-07-05 20:40:00",300,1,78,18,37,39.899998,22,77.4266666666667,17.8566666666667,37,39.899998,21.69,73,14,37,39.899998,8,82,25,37,39.899998,38,0,0,0,0,0
"2025-07-05 20:45:00",300,1,78,19,37,39.899998,23,77.9966666666667,19.4733333333333,37,39.899998,21.6133333333333,75,16,37,39.899998,8,81,25,37,39.899998,35,0,0,0,0,0
"2025-07-05 20:50:00",300,1,78,18,37,39.899998,21.5,77.79,17.82,37,39.899998,27.96,75,15,37,39.899998,11,81,23,37,39.899998,66,0,0,0,0,0
"2025-07-05 20:55:00",300,1,79,18,37,39.899998,18,80.0395683453237,18.8966666666667,37,39.899998,17.2066666666667,76,15,37,39.899998,0,90,25,37,39.899998,33,0.0733333333333333,0,0,0,0
"2025-07-05 21:00:00",300,1,85,19,37,39.899998,15,84.7660377358491,18.3966666666667,37,39.899998,20.8666666666667,81,14,37,39.899998,0,90,21,37,39.899998,52,0.116666666666667,0,0,0,0
"2025-07-05 21:05:00",300,1,84,19,37,39.899998,18,83.9184397163121,19.0033333333333,37,39.899998,22.2333333333333,80,17,37,39.899998,0,90,21,37,39.899998,59,0.06,0,0,0,0
"2025-07-05 21:10:00",300,1,84,19,37,39.899998,11,83.6423611111111,19.29,37,39.899998,15.4833333333333,81,16,37,39.899998,0,87,23,37,39.899998,46,0.04,0,0,0,0
"2025-07-05 21:15:00",300,1,82,19,37,39.899998,11,82.6405693950178,19.2433333333333,37,39.899998,15.2566666666667,81,14,37,39.899998,0,87,25,37,39.899998,52,0.0633333333333333,0,0,0,0
"2025-07-05 21:20:00",300,1,85,20,37,39.899998,20,85.6057347670251,19.33,36.8575,39.75749815,19.51,82,13,36,38.899998,0,91,25,37,39.899998,45,0.07,0,0,0,0
"2025-07-05 21:25:00",300,1,85,19,36,38.899998,11,84.8754448398576,19.14,36,38.899998,13.7233333333333,81,14,36,38.899998,0,90,25,36,38.899998,47,0.0633333333333333,0,0,0,0
"2025-07-05 21:30:00",300,1,84,19,36,38.899998,9,84.18,18.69,36,38.899998,16.94,82,17,36,38.899998,4,88,22,36,38.899998,50,0,0,0,0,0
"2025-07-05 21:35:00",300,1,83,19,36,38.899998,11,82.9533333333333,19.24,36,38.899998,17.6833333333333,81,16,36,38.899998,6,85,22,36,38.899998,46,0,0,0,0,0
"2025-07-05 21:40:00",300,1,83,20,36,38.899998,13,83.31,19.6233333333333,36,38.899998,24.36,80,17,36,38.899998,5,86,23,36,38.899998,95,0,0,0,0,0
"2025-07-05 21:45:00",300,1,84,19,36,38.899998,12,84.2169491525424,18.7333333333333,35.984,38.88399852,13.89,81,13,35.9,38.8,0,91,22,36,38.899998,31,0.0166666666666667,0,0,0,0
"2025-07-05 21:50:00",300,1,85,20,35.5,38.399998,9,84.9833333333333,19.93,35.456,38.35599823,14.7066666666667,83,18,35,37.899998,4,89,25,36,38.899998,48,0,0,0,0,0
"2025-07-05 21:55:00",300,1,86,21,35,37.899998,7,85.96,21.18,35,37.899998,12.58,84,18,35,37.899998,5,88,27,35,37.899998,43,0,0,0,0,0
"2025-07-05 22:00:00",300,1,87,21,35,37.899998,43,87.1433333333333,20.4233333333333,35,37.899998,26.7433333333333,85,18,35,37.899998,5,91,22,35,37.899998,60,0,0,0,0,0
"2025-07-05 22:05:00",300,1,86,20,35,37.899998,10,86.3566666666667,19.7033333333333,35,37.899998,17.4966666666667,83,17,35,37.899998,5,90,22,35,37.899998,63,0,0,0,0,0
"2025-07-05 22:10:00",300,1,86,20,35,37.899998,9,86.51,20.2666666666667,35,37.899998,11.1066666666667,84,17,35,37.899998,5,92,24,35,37.899998,28,0,0,0,0,0
"2025-07-05 22:15:00",300,1,87,19,35,37.899998,7.5,86.6067796610169,19.3133333333333,35,37.899998,34.5666666666667,85,17,35,37.899998,0,88,22,35,37.899998,104,0.0166666666666667,0,0,0,0
"2025-07-05 22:20:00",300,1,86,20,35,37.899998,8,85.99,20.8066666666667,35,37.899998,8.60666666666667,83,18,35,37.899998,4,89,25,35,37.899998,16,0,0,0,0,0
"2025-07-05 22:25:00",300,1,87,22,35,37.899998,13,87.8611111111111,21.56,35,37.899998,23.69,85,16,35,37.899998,0,94,25,35,37.899998,94,0.04,0,0,0,0
"2025-07-05 22:30:00",300,1,96,21,35,37.899998,9,96.0413533834586,20.9,35,37.899998,12.0133333333333,91,16,35,37.899998,0,102,27,35,37.899998,27,0.113333333333333,0,0,0,0
"2025-07-05 22:35:00",300,1,86,21,35,37.899998,11,87.5033333333333,21.1133333333333,35,37.899998,23.8566666666667,82,18,35,37.899998,6,124,25,35,37.899998,104,0,0,0,0,0
"2025-07-05 22:40:00",300,1,84,19,35,37.899998,10,83.5733788395904,19.5066666666667,35,37.899998,14.2833333333333,82,15,35,37.899998,0,86,25,35,37.899998,48,0.0233333333333333,0,0,0,0
"2025-07-05 22:45:00",300,1,83,21,35,37.899998,12,82.84,21.15,35.01,37.90999805,24.5833333333333,81,18,35,37.899998,5,85,25,35.15,38.05,71,0,0,0,0,0
"2025-07-05 22:50:00",300,1,83,19,35.2,38.1,35,83.02,19.5566666666667,35.206,38.10599823,29.7233333333333,81,17,35,37.899998,5,85,31,35.6,38.499996,63,0,0,0,0,0
"2025-07-05 22:55:00",300,1,83,20,35.7,38.6,8,83.5866666666667,20.3266666666667,35.659,38.55899762,13.17,81,18,35.1,37.999996,5,89,23,36,38.899998,50,0,0,0,0,0
"2025-07-05 23:00:00",300,1,83,19,35.95,38.85,16,83.78,18.9266666666667,35.812,38.71199882,33.34,81,17,35.2,38.1,6,86,22,36,38.899998,93,0,0,0,0,0
"2025-07-05 23:05:00",300,1,85,21,35.1,37.999996,11,85.6654275092937,20.0066666666667,35.1455,38.04549798,17.9166666666667,81,9,35,37.899998,0,90,25,35.55,38.449997,49,0.103333333333333,0,0,0,0
"2025-07-05 23:10:00",300,1,93,17,35,37.899998,0,92.5785714285714,17.7166666666667,35,37.899998,8.8,88,14,35,37.899998,0,97,23,35,37.899998,45,0.533333333333333,0,0,0,0
"2025-07-05 23:15:00",300,1,98,16,35,37.899998,0,98.4274809160305,17.95,35,37.899998,4.90333333333333,93,12,35,37.899998,0,105,26,35,37.899998,21,0.563333333333333,0,0,0,0
"2025-07-05 23:20:00",300,1,90,22,35,37.899998,10,91.6655290102389,22.26,35,37.899998,10.4066666666667,87,16,35,37.899998,0,102,28,35,37.899998,23,0.0233333333333333,0,0,0,0
"2025-07-05 23:25:00",300,1,85,19,35,37.899998,15,85.735593220339,19.4766666666667,35,37.899998,19.7433333333333,82,16,35,37.899998,0,89,24,35,37.899998,51,0.0166666666666667,0,0,0,0
"2025-07-05 23:30:00",300,1,86,18,35,37.899998,13,85.97,18.29,35,37.899998,13.4466666666667,84,14,35,37.899998,9,89,23,35,37.899998,21,0,0,0,0,0
"2025-07-05 23:35:00",300,1,88,19,35,37.899998,15,87.74,19.6033333333333,35,37.899998,14.9166666666667,85,15,35,37.899998,11,90,25,35,37.899998,20,0,0,0,0,0
"2025-07-05 23:40:00",300,1,88,22,35,37.899998,16,88.0033333333333,21,35,37.899998,19.84,84,15,35,37.899998,9,91,29,35,37.899998,63,0,0,0,0,0
"2025-07-05 23:45:00",300,1,87,20,35,37.899998,14,86.59,19.8466666666667,35,37.899998,15.7233333333333,84,18,35,37.899998,8,89,23,35,37.899998,62,0,0,0,0,0
"2025-07-05 23:50:00",300,1,92,22,35,37.899998,16,91.3166666666667,21.53,35,37.899998,21.6033333333333,88,18,35,37.899998,10,95,26,35,37.899998,44,0,0,0,0,0
"2025-07-05 23:55:00",300,1,89,19,35,37.899998,15,89.56,19.2033333333333,35,37.899998,15.2366666666667,87,17,35,37.899998,9,93,22,35,37.899998,43,0,0,0,0,0
"2025-07-06 00:00:00",300,1,87,20,35,37.899998,13,86.7966666666667,20.71,35,37.899998,18.8666666666667,84,17,35,37.899998,9,90,25,35,37.899998,52,0,0,0,0,0
"2025-07-06 00:05:00",300,1,85,20,35,37.899998,14,84.9118644067797,19.7766666666667,35,37.899998,24.8866666666667,83,13,35,37.899998,0,88,26,35,37.899998,96,0.0166666666666667,0,0,0,0
"2025-07-06 00:10:00",300,1,87,20,35,37.899998,18,86.55,20.7166666666667,35,37.899998,21.5766666666667,83,18,35,37.899998,13,90,29,35,37.899998,45,0,0,0,0,0
"2025-07-06 00:15:00",300,1,89,21,35,37.899998,21,89.1326164874552,20.8666666666667,35,37.899998,24.15,85,14,35,37.899998,0,91,30,35,37.899998,50,0.07,0,0,0,0
"2025-07-06 00:20:00",300,1,91,19,35,37.899998,14,90.6108949416342,18.7766666666667,35,37.899998,22.3166666666667,88,13,35,37.899998,0,92,26,35,37.899998,91,0.143333333333333,0,0,0,0
"2025-07-06 00:25:00",300,1,96,20,35.15,38.05,11,95.4787234042553,20.26,35.315,38.2149982,19.7066666666667,92,16,35,37.899998,0,99,24,36,38.899998,81,0.06,0,0,0,0
"2025-07-06 00:30:00",300,1,98,20,36,38.899998,6,97.75,20.65,36,38.899998,10.05,96,19,36,38.899998,4,101,24,36,38.899998,37,0,0,0,0,0
"2025-07-06 00:35:00",300,1,94,19,36,38.899998,8,93.8466666666667,19.7533333333333,36,38.899998,18.6066666666667,92,18,36,38.899998,5,96,23,36,38.899998,86,0,0,0,0,0
"2025-07-06 00:40:00",300,1,93,21,36,38.899998,9,92.9033333333333,21.73,36,38.899998,8.87666666666667,90,19,36,38.899998,5,97,28,36,38.899998,16,0,0,0,0,0
"2025-07-06 00:45:00",300,1,91,19,36,38.899998,9,91.36,19.7233333333333,36,38.899998,16.63,90,18,36,38.899998,5,94,24,36,38.899998,42,0,0,0,0,0
"2025-07-06 00:50:00",300,1,93,20,36,38.899998,8,93.0733333333333,20.0333333333333,36,38.899998,15.87,90,19,36,38.899998,5,96,24,36,38.899998,60,0,0,0,0,0
"2025-07-06 00:55:00",300,1,92,20,36,38.899998,16,91.8741496598639,20.1633333333333,36,38.899998,34.4466666666667,87,15,36,38.899998,0,97,26,36,38.899998,136,0.02,0,0,0,0
"2025-07-06 01:00:00",300,1,89,21,36,38.899998,14,88.8666666666667,20.6966666666667,36,38.899998,14.9666666666667,85,17,36,38.899998,10,92,24,36,38.899998,22,0,0,0,0,0
"2025-07-06 01:05:00",300,1,87,20,36,38.899998,18,86.9689655172414,20.3533333333333,36,38.899998,17.2333333333333,85,13,36,38.899998,0,89,32,36,38.899998,25,0.0333333333333333,0,0,0,0
"2025-07-06 01:10:00",300,1,88,20,36,38.899998,23,88.6033333333333,20.7033333333333,36,38.899998,26.6066666666667,86,17,36,38.899998,11,94,26,36,38.899998,61,0,0,0,0,0
"2025-07-06 01:15:00",300,1,87,19,36,38.899998,20,86.99,19.8966666666667,36,38.899998,23.75,84,18,36,38.899998,13,91,23,36,38.899998,53,0,0,0,0,0
"2025-07-06 01:20:00",300,1,85,20,36,38.899998,26,85.3433333333333,20.31,36,38.899998,30.0766666666667,82,16,36,38.899998,20,90,26,36,38.899998,63,0,0,0,0,0
"2025-07-06 01:25:00",300,1,85,21,36,38.899998,27,85.7566666666667,20.99,36,38.899998,31.6233333333333,82,18,36,38.899998,23,97,26,36,38.899998,56,0,0,0,0,0
"2025-07-06 01:30:00",300,1,86,20,36,38.899998,23,86.1933333333333,20.47,36,38.899998,30.6,83,17,36,38.899998,18,89,27,36,38.899998,56,0,0,0,0,0
"2025-07-06 01:35:00",300,1,87,18,36,38.899998,23,87.4946996466431,18.4133333333333,36,38.899998,27.3933333333333,85,16,36,38.899998,0,92,21,36,38.899998,57,0.0566666666666667,0,0,0,0
"2025-07-06 01:40:00",300,1,88,19,36,38.899998,25,87.9763779527559,17.9666666666667,36,38.899998,26.39,84,13,36,38.899998,0,94,22,36,38.899998,66,0.153333333333333,0,0,0,0
"2025-07-06 01:45:00",300,1,96,20,36,38.899998,13,98.1984435797665,19.49,36,38.899998,16.2966666666667,87,13,36,38.899998,0,109,29,36,38.899998,50,0.143333333333333,0,0,0,0
"2025-07-06 01:50:00",300,1,105,20,36,38.899998,13.5,104.82332155477,19.2466666666667,36,38.899998,15.1533333333333,94,12,36,38.899998,0,118,25,36,38.899998,33,0.0566666666666667,0,0,0,0
"2025-07-06 01:55:00",300,1,88,22,36,38.899998,20,88.928813559322,21.95,36,38.899998,28.4366666666667,85,19,36,38.899998,0,95,25,36,38.899998,87,0.0166666666666667,0,0,0,0
"2025-07-06 02:00:00",300,1,86,17,36,38.899998,23,86.3727810650888,17.7133333333333,36,38.899998,20.2666666666667,85,11,36,38.899998,0,90,25,36,38.899998,68,0.436666666666667,0,0,0,0
"2025-07-06 02:05:00",300,1,87,13,36,38.899998,22,87.4294117647059,15.08,36,38.899998,15.52,85,9,36,38.899998,0,92,23,36,38.899998,88,0.433333333333333,0,0,0,0
"2025-07-06 02:10:00",300,1,87,21,36,38.899998,36.5,87.1391941391941,20.1333333333333,36,38.899998,45.3933333333333,83,10,36,38.899998,0,95,25,36,38.899998,91,0.09,0,0,0,0
"2025-07-06 02:15:00",300,1,85,21,36,38.899998,32,84.9,21.2,36,38.899998,34.56,82,18,36,38.899998,26,91,27,36,38.899998,51,0,0,0,0,0
"2025-07-06 02:20:00",300,1,86,20,36,38.899998,36,85.7966666666667,20.4566666666667,36,38.899998,39.7133333333333,82,16,36,38.899998,26,91,25,36,38.899998,59,0,0,0,0,0
"2025-07-06 02:25:00",300,1,84,22,36,38.899998,37,83.72,21.7533333333333,36,38.899998,36.7033333333333,79,17,36,38.899998,30,92,26,36,38.899998,44,0,0,0,0,0
"2025-07-06 02:30:00",300,1,84,20,36,38.899998,37,83.5766666666667,19.9466666666667,36,38.899998,37.88,80,16,36,38.899998,28,91,25,36,38.899998,53,0,0,0,0,0
"2025-07-06 02:35:00",300,1,85,20,36,38.899998,41,84.6949152542373,19.92,36,38.899998,40.6266666666667,80,17,36,38.899998,0,93,23,36,38.899998,54,0.0166666666666667,0,0,0,0
"2025-07-06 02:40:00",300,1,84,20,36,38.899998,42,84.6406779661017,19.79,36,38.899998,40.6,80,16,36,38.899998,0,96,24,36,38.899998,50,0.0166666666666667,0,0,0,0
"2025-07-06 02:45:00",300,1,86,22,36,38.899998,34,86.5081967213115,21.3433333333333,36,38.899998,32.1066666666667,82,14,36,38.899998,0,95,25,36,38.899998,60,0.186666666666667,0,0,0,0
"2025-07-06 02:50:00",300,1,91,19,36,38.899998,31,90.8697183098592,19.7466666666667,36,38.899998,30.27,83,14,36,38.899998,0,100,26,36,38.899998,46,0.0533333333333333,0,0,0,0
"2025-07-06 02:55:00",300,1,87,20,36,38.899998,50,87.2133333333333,20.4766666666667,36,38.899998,56.7166666666667,81,15,36,38.899998,35,97,26,36,38.899998,117,0,0,0,0,0
"2025-07-06 03:00:00",300,1,86,20,36,38.899998,44,85.5433333333333,19.8233333333333,36,38.899998,43.3033333333333,81,16,36,38.899998,33,91,25,36,38.899998,52,0,0,0,0,0
"2025-07-06 03:05:00",300,1,86,21,36,38.899998,41,85.6406779661017,20.1633333333333,36,38.899998,40.3866666666667,80,14,36,38.899998,0,94,23,36,38.899998,51,0.0166666666666667,0,0,0,0
"2025-07-06 03:10:00",300,1,87,22,36,38.899998,33,86.7101449275362,21.1666666666667,36,38.899998,31.67,83,10,36,38.899998,0,96,27,36,38.899998,50,0.08,0,0,0,0
"2025-07-06 03:15:00",300,1,90,20,36,38.899998,33,89.7933333333333,20.4,36,38.899998,34.13,86,17,36,38.899998,27,97,25,36,38.899998,44,0,0,0,0,0
"2025-07-06 03:20:00",300,1,88,21,36,38.899998,36,88.2135593220339,20.7833333333333,36,38.899998,35.48,84,17,36,38.899998,0,94,25,36,38.899998,42,0.0166666666666667,0,0,0,0
"2025-07-06 03:25:00",300,1,91,21,36,38.899998,25,91.1898305084746,21.1633333333333,36,38.899998,27.8666666666667,87,17,36,38.899998,0,102,23,36,38.899998,51,0.0166666666666667,0,0,0,0
"2025-07-06 03:30:00",300,1,94,21,36,38.899998,19,93.5397923875433,20.12,36,38.899998,21.08,90,12,36,38.899998,0,96,25,36,38.899998,49,0.0366666666666667,0,0,0,0
"2025-07-06 03:35:00",300,1,93,18,36,38.899998,23,92.5172413793103,18.6666666666667,36,38.899998,24.8566666666667,88,16,36,38.899998,0,97,24,36,38.899998,53,0.0333333333333333,0,0,0,0
"2025-07-06 03:40:00",300,1,89,22,36,38.899998,41,90.3166666666667,21.1933333333333,36,38.899998,45.49,86,16,36,38.899998,22,130,24,36,38.899998,101,0,0,0,0,0
"2025-07-06 03:45:00",300,1,89,21,36,38.899998,32,89.37,20.79,36,38.899998,36.3966666666667,87,18,36,38.899998,14,96,23,36,38.899998,61,0,0,0,0,0
"2025-07-06 03:50:00",300,1,94,21,36,38.899998,19,94.8576923076923,20.63,36,38.899998,28.2666666666667,91,15,36,38.899998,0,101,25,36,38.899998,119,0.133333333333333,0,0,0,0
"2025-07-06 03:55:00",300,1,95,22,36,38.899998,42.5,95.2169491525424,21.6266666666667,36,38.899998,49.5933333333333,93,16,36,38.899998,0,98,26,36,38.899998,118,0.0166666666666667,0,0,0,0
"2025-07-06 04:00:00",300,1,93,21,36,38.899998,15,93.3,21.3233333333333,36.134,39.03399827,24.3066666666667,91,18,36,38.899998,11,97,24,36.75,39.649998,87,0,0,0,0,0
"2025-07-06 04:05:00",300,1,97,22,37,39.899998,14,96.5,21.8733333333333,36.941,39.84099838,34.4,94,13,36.65,39.55,0,98,25,37,39.899998,101,0.0333333333333333,0,0,0,0
"2025-07-06 04:10:00",300,1,97,20,37,39.899998,12,97.2733333333333,20.5233333333333,37,39.899998,15.3233333333333,94,17,37,39.899998,8,102,26,37,39.899998,41,0,0,0,0,0
"2025-07-06 04:15:00",300,1,96,18,37,39.899998,15,96.0610169491525,19.1633333333333,37,39.899998,20.0733333333333,94,16,37,39.899998,0,101,26,37,39.899998,59,0.0166666666666667,0,0,0,0
"2025-07-06 04:20:00",300,1,98,21,37,39.899998,26,97.8194945848375,20.88,37,39.899998,29.0466666666667,93,15,37,39.899998,0,103,25,37,39.899998,57,0.0766666666666667,0,0,0,0
"2025-07-06 04:25:00",300,1,95,21,37,39.899998,17,95.5833333333333,22.0637583892617,36.926,39.82599793,20.18,93,19,36.6,39.499996,12,101,35,37,39.899998,45,0,0.00666666666666667,0,0,0
"2025-07-06 04:30:00",300,1,92,20,36.9,39.8,18,91.59,20.2166666666667,36.8865,39.78649832,23.5733333333333,89,18,36.6,39.499996,15,96,25,37,39.899998,49,0,0,0,0,0
"2025-07-06 04:35:00",300,1,90,18,37,39.899998,19,90.3766666666667,18.81,36.99,39.8899982,22.0633333333333,87,16,36.9,39.8,14,93,24,37,39.899998,48,0,0,0,0,0
"2025-07-06 04:40:00",300,1,92,19,37,39.899998,14,91.8166666666667,19.3,36.9925,39.8924983,26.46,89,18,36.95,39.85,10,96,23,37,39.899998,98,0,0,0,0,0
"2025-07-06 04:45:00",300,1,88,17,37,39.899998,13,87.5466666666667,16.75,36.9625,39.8624981,17.1666666666667,85,15,36.85,39.749996,6,90,19,37,39.899998,52,0,0,0,0,0
"2025-07-06 04:50:00",300,1,85,16,36.7,39.6,16,84.75,16.0433333333333,36.59,39.48999815,16.4633333333333,82,15,36,38.899998,6,87,17,37,39.899998,31,0,0,0,0,0
"2025-07-06 04:55:00",300,1,83,16,36,38.899998,26,82.7533333333333,16.1366666666667,36,38.899998,25.8733333333333,81,15,36,38.899998,16,86,19,36,38.899998,34,0,0,0,0,0
"2025-07-06 05:00:00",300,1,83,15,36,38.899998,25,82.72,15.61,36,38.899998,25.5266666666667,80,14,36,38.899998,12,86,18,36,38.899998,35,0,0,0,0,0
"2025-07-06 05:05:00",300,1,83,16,36,38.899998,23,82.7633333333333,15.94,36,38.899998,24.4666666666667,80,15,36,38.899998,14,87,17,36,38.899998,37,0,0,0,0,0
"2025-07-06 05:10:00",300,1,83,16,36,38.899998,26,83.0833333333333,15.6866666666667,36,38.899998,26.0733333333333,81,15,36,38.899998,14,86,17,36,38.899998,36,0,0,0,0,0
"2025-07-06 05:15:00",300,1,84,17,36,38.899998,33,84.63,16.9566666666667,36,38.899998,45.25,82,15,36,38.899998,16,88,21,36,38.899998,100,0,0,0,0,0
"2025-07-06 05:20:00",300,1,88,20,36,38.899998,22,87.5666666666667,20.01,36,38.899998,35.42,84,17,36,38.899998,13,91,25,36,38.899998,97,0,0,0,0,0
"2025-07-06 05:25:00",300,1,88,18,36,38.899998,23,87.96,18.3333333333333,36,38.899998,33.4266666666667,86,16,36,38.899998,16,91,21,36,38.899998,95,0,0,0,0,0
"2025-07-06 05:30:00",300,1,88,18,36,38.899998,18.5,87.9366666666667,18.08,36.1045,39.00449817,24.28,86,15,36,38.899998,10,91,20,36.7,39.6,68,0,0,0,0,0
"2025-07-06 05:35:00",300,1,88,20,37,39.899998,19,88.13,19.7533333333333,36.988,39.88799808,22.5133333333333,87,17,36.7,39.6,11,90,23,37,39.899998,48,0,0,0,0,0
"2025-07-06 05:40:00",300,1,89,20,37,39.899998,16,88.75,21.11,37,39.899998,16.8366666666667,86,18,37,39.899998,9,92,25,37,39.899998,25,0,0,0,0,0
"2025-07-06 05:45:00",300,1,90,20,37,39.899998,14,91.1866666666667,19.8166666666667,37,39.899998,14.4066666666667,88,18,37,39.899998,8,96,22,37,39.899998,23,0,0,0,0,0
"2025-07-06 05:50:00",300,1,89,20,37,39.899998,15,89.4366666666667,20.3,37,39.899998,20.8266666666667,87,18,37,39.899998,10,93,24,37,39.899998,43,0,0,0,0,0
"2025-07-06 05:55:00",300,1,87,19,37,39.899998,22,86.66,19.03,37,39.899998,24.8566666666667,83,15,37,39.899998,9,90,23,37,39.899998,57,0,0,0,0,0
"2025-07-06 06:00:00",300,1,85,20,37,39.899998,31,85.0666666666667,20.47,37,39.899998,36.3233333333333,83,18,37,39.899998,14,88,28,37,39.899998,69,0,0,0,0,0
"2025-07-06 06:05:00",300,1,84,19,37,39.899998,26,83.8666666666667,18.8633333333333,37,39.899998,28.2533333333333,81,16,37,39.899998,17,88,21,37,39.899998,52,0,0,0,0,0
"2025-07-06 06:10:00",300,1,84,19,37,39.899998,34,83.9661016949153,18.43,37,39.899998,34.8266666666667,81,16,37,39.899998,0,90,20,37,39.899998,54,0.0166666666666667,0,0,0,0
"2025-07-06 06:15:00",300,1,83,19,37,39.899998,28,83.2633333333333,18.92,37,39.899998,28.31,81,17,37,39.899998,18,87,23,37,39.899998,47,0,0,0,0,0
"2025-07-06 06:20:00",300,1,84,18,36.9,39.8,26,85.1122448979592,18.5166666666667,36.8725,39.7724985,26.3233333333333,81,16,36.6,39.499996,0,95,23,37,39.899998,40,0.02,0,0,0,0
"2025-07-06 06:25:00",300,1,91,19,36.8,39.699997,22.5,91.6218181818182,19.0266666666667,36.694,39.59399842,21.2666666666667,84,14,36,38.899998,0,108,24,37,39.899998,33,0.0833333333333333,0,0,0,0
"2025-07-06 06:30:00",300,1,94,22,36,38.899998,17,93.6275862068966,20.7933333333333,36.006,38.90599808,20.4766666666667,85,13,36,38.899998,0,106,25,36.15,39.05,51,0.0333333333333333,0,0,0,0
"2025-07-06 06:35:00",300,1,83,20,36,38.899998,26,83.3866666666667,20.2633333333333,36,38.899998,25.3,80,18,36,38.899998,9,90,25,36,38.899998,43,0,0,0,0,0
"2025-07-06 06:40:00",300,1,85,20,36,38.899998,24.5,85.1533333333333,19.6466666666667,36.005,38.9049979,24.6466666666667,80,17,36,38.899998,15,93,23,36.05,38.949997,40,0,0,0,0,0
"2025-07-06 06:45:00",300,1,81,18,36,38.899998,36,81.2633333333333,18.6566666666667,36,38.899998,35.4566666666667,79,16,36,38.899998,24,86,33,36,38.899998,45,0,0,0,0,0
"2025-07-06 06:50:00",300,1,80,19,36,38.899998,38,80.4766666666667,19.7233333333333,36,38.899998,50.05,79,17,36,38.899998,21,84,25,36,38.899998,120,0,0,0,0,0
"2025-07-06 06:55:00",300,1,80,20,36,38.899998,40,80.88,19.94,36,38.899998,41.51,78,17,36,38.899998,19,93,25,36,38.899998,58,0,0,0,0,0
"2025-07-06 07:00:00",300,1,80,20,36,38.899998,39,80.7533333333333,20.6666666666667,36,38.899998,39.6833333333333,78,16,36,38.899998,28,85,25,36,38.899998,58,0,0,0,0,0
"2025-07-06 07:05:00",300,1,79,20,36,38.899998,45,79.9466666666667,20.6866666666667,36,38.899998,45.4466666666667,77,17,36,38.899998,33,91,26,36,38.899998,57,0,0,0,0,0
"2025-07-06 07:10:00",300,1,80,22,36,38.899998,41,80.3466666666667,21.9066666666667,36,38.899998,41.3133333333333,77,18,36,38.899998,28,85,26,36,38.899998,55,0,0,0,0,0
"2025-07-06 07:15:00",300,1,79,17,36,38.899998,39,78.4566666666667,17.2133333333333,36,38.899998,38.87,76,15,36,38.899998,32,81,24,36,38.899998,45,0,0,0,0,0
"2025-07-06 07:20:00",300,1,77,17,36,38.899998,49,77.0733333333333,16.93,36,38.899998,47.25,72,15,36,38.899998,32,83,21,36,38.899998,56,0,0,0,0,0
"2025-07-06 07:25:00",300,1,76,16,36,38.899998,48,76.41,16.7,36,38.899998,48.5533333333333,73,14,36,38.899998,34,84,22,36,38.899998,63,0,0,0,0,0
"2025-07-06 07:30:00",300,1,76,17,36,38.899998,48,76.4,17.0466666666667,36,38.899998,48.44,72,15,36,38.899998,36,83,21,36,38.899998,64,0,0,0,0,0
"2025-07-06 07:35:00",300,1,76,16,36,38.899998,54,76.05,17.1933333333333,36,38.899998,53.82,71,14,36,38.899998,37,85,24,36,38.899998,70,0,0,0,0,0
"2025-07-06 07:40:00",300,1,76,17,36,38.899998,55.5,75.7733333333333,17.3466666666667,36,38.899998,54.6866666666667,73,15,36,38.899998,38,81,24,36,38.899998,74,0,0,0,0,0
"2025-07-06 07:45:00",300,1,76,15,36,38.899998,52,76.8666666666667,15.11,36,38.899998,61.8433333333333,74,13,36,38.899998,37,90,17,36,38.899998,117,0,0,0,0,0
"2025-07-06 07:50:00",300,1,81,17,36,38.899998,36,80.11,17.4366666666667,36,38.899998,36.95,73,14,36,38.899998,16,87,23,36,38.899998,68,0,0,0,0,0
"2025-07-06 07:55:00",300,1,83,19,36,38.899998,28,82.8133333333333,18.9466666666667,36,38.899998,28.3566666666667,79,17,36,38.899998,16,87,22,36,38.899998,42,0,0,0,0,0
"2025-07-06 08:00:00",300,1,83,18,36,38.899998,24,82.9183673469388,18.5133333333333,36,38.899998,24.6966666666667,80,12,36,38.899998,0,86,24,36,38.899998,36,0.02,0,0,0,0
"2025-07-06 08:05:00",300,1,83,19,36,38.899998,36,83.4183673469388,19.2533333333333,36,38.899998,34.31,79,15,36,38.899998,0,90,24,36,38.899998,49,0.02,0,0,0,0
"2025-07-06 08:10:00",300,1,85,20,36,38.899998,23,85.4466666666667,20.27,36,38.899998,29.77,82,18,36,38.899998,10,89,24,36,38.899998,59,0,0,0,0,0
"2025-07-06 08:15:00",300,1,85,20,36,38.899998,23,85.11,19.73,36,38.899998,25.5233333333333,83,17,36,38.899998,9,90,24,36,38.899998,54,0,0,0,0,0
"2025-07-06 08:20:00",300,1,86,20,36,38.899998,14,85.5466666666667,20.9433333333333,36,38.899998,22.1533333333333,83,19,36,38.899998,7,89,25,36,38.899998,53,0,0,0,0,0
"2025-07-06 08:25:00",300,1,91,21,36,38.899998,12,91.254752851711,21.21,36,38.899998,27.77,85,13,36,38.899998,0,99,28,36,38.899998,110,0.123333333333333,0,0,0,0
"2025-07-06 08:30:00",300,1,93,21,36,38.899998,17,92.3666666666667,22.1066666666667,36,38.899998,20.4866666666667,88,19,36,38.899998,7,96,27,36,38.899998,45,0,0,0,0,0
"2025-07-06 08:35:00",300,1,89,23,36,38.899998,24,89.28,22.3533333333333,36,38.899998,27.0166666666667,86,17,36,38.899998,13,93,27,36,38.899998,48,0,0,0,0,0
"2025-07-06 08:40:00",300,1,90,20,36.85,39.749996,23,90.0036231884058,20.4965034965035,36.6425,39.542498,21.9333333333333,87,15,36,38.899998,0,94,35,37,39.899998,34,0.08,0.0466666666666667,0,0,0
"2025-07-06 08:45:00",300,1,90,21,37,39.899998,17,90.2983050847458,20.7066666666667,37,39.899998,17.25,86,16,37,39.899998,0,93,26,37,39.899998,26,0.0166666666666667,0,0,0,0
"2025-07-06 08:50:00",300,1,89,21,37,39.899998,20,89.2866666666667,21.3566666666667,37,39.899998,17.6333333333333,85,17,37,39.899998,8,93,31,37,39.899998,27,0,0,0,0,0
"2025-07-06 08:55:00",300,1,89,20,37,39.899998,11,89.2278911564626,20.11,37,39.899998,11.4766666666667,87,14,37,39.899998,0,92,24,37,39.899998,26,0.02,0,0,0,0
"2025-07-06 09:00:00",300,1,91,19,37,39.899998,7,91.1966666666667,20.2766666666667,37,39.899998,16.8066666666667,90,19,37,39.899998,4,94,26,37,39.899998,66,0,0,0,0,0
"2025-07-06 09:05:00",300,1,93,20,37,39.899998,9,93.3566666666667,20.6033333333333,36.9385,39.83849773,12.13,90,18,36.8,39.699997,4,99,25,37,39.899998,35,0,0,0,0,0
"2025-07-06 09:10:00",300,1,93,19,36.95,39.85,10,91.9733333333333,19.9533333333333,36.923,39.82299914,21.5133333333333,88,18,36.75,39.649998,4,96,24,37,39.899998,97,0,0,0,0,0
"2025-07-06 09:15:00",300,1,91,20,37,39.899998,10.5,90.7266666666667,20.9533333333333,36.991,39.89099828,10.88,89,18,36.9,39.8,5,93,28,37,39.899998,19,0,0,0,0,0
"2025-07-06 09:20:00",300,1,90,20,37,39.899998,17,90.4233333333333,19.6466666666667,37,39.899998,34.0466666666667,88,17,37,39.899998,6,105,22,37,39.899998,97,0,0,0,0,0
"2025-07-06 09:25:00",300,1,89,19,37,39.899998,10,88.4433333333333,19.2133333333333,37,39.899998,16.56,86,16,37,39.899998,6,91,25,37,39.899998,40,0,0,0,0,0
"2025-07-06 09:30:00",300,1,88,20,37,39.899998,17,87.5933333333333,19.84,36.9915,39.89149822,16.37,86,19,36.9,39.8,8,90,23,37,39.899998,28,0,0,0,0,0
"2025-07-06 09:35:00",300,1,88,20,36.65,39.55,21,88.19,20.0066666666667,36.548,39.44799825,23.9666666666667,84,17,36,38.899998,8,93,24,37,39.899998,51,0,0,0,0,0
"2025-07-06 09:40:00",300,1,90,20,36.05,38.949997,19,90.7389830508475,19.5166666666667,36.078,38.97799823,18.1933333333333,87,13,36,38.899998,0,95,23,36.4,39.3,25,0.0166666666666667,0,0,0,0
"2025-07-06 09:45:00",300,1,87,20,36,38.899998,21,87.1166666666667,20.4466666666667,36.011,38.91099778,21.57,85,17,36,38.899998,14,94,30,36.1,38.999996,33,0,0,0,0,0
"2025-07-06 09:50:00",300,1,85,19,36,38.899998,27,85.3633333333333,18.7066666666667,36.0515,38.95149802,27.2433333333333,83,17,36,38.899998,18,92,20,36.2,39.1,35,0,0,0,0,0
"2025-07-06 09:55:00",300,1,85,19.5,36,38.899998,26,85.03,19.69,36.005,38.9049979,27.3466666666667,83,18,36,38.899998,21,91,23,36.05,38.949997,36,0,0,0,0,0
"2025-07-06 10:00:00",300,1,87,18,36,38.899998,28,86.78,18.6166666666667,36,38.899998,29.5566666666667,84,14,36,38.899998,17,91,24,36,38.899998,52,0,0,0,0,0
"2025-07-06 10:05:00",300,1,87,20,36,38.899998,32,86.59,20.01,36,38.899998,32.3066666666667,83,17,36,38.899998,23,91,28,36,38.899998,47,0,0,0,0,0
"2025-07-06 10:10:00",300,1,87,19,36,38.899998,26,87.2866666666667,19.16,36,38.899998,26.1233333333333,84,15,36,38.899998,20,92,23,36,38.899998,32,0,0,0,0,0
"2025-07-06 10:15:00",300,1,86,21,36,38.899998,37,86.91,21.9233333333333,36.0285,38.92849798,41.43,84,16,36,38.899998,24,97,30,36.2,39.1,114,0,0,0,0,0
"2025-07-06 10:20:00",300,1,86,19,36.3,39.199997,30,86.1233333333333,19.8733333333333,36.3125,39.212498,46.0233333333333,84,18,36,38.899998,23,90,24,36.85,39.749996,145,0,0,0,0,0
"2025-07-06 10:25:00",300,1,85,20,37,39.899998,36,85.4166666666667,20.7166666666667,36.979,39.87899832,37.34,83,17,36.85,39.749996,23,90,26,37,39.899998,56,0,0,0,0,0
"2025-07-06 10:30:00",300,1,85,19,37,39.899998,37,85.7366666666667,19.2066666666667,37,39.899998,40.9933333333333,82,16,37,39.899998,26,92,25,37,39.899998,72,0,0,0,0,0
"2025-07-06 10:35:00",300,1,95,19,37,39.899998,26,94.1992619926199,18.6266666666667,36.9875,39.8874983,25.6833333333333,85,13,36.75,39.649998,0,112,24,37,39.899998,53,0.0966666666666667,0,0,0,0
"2025-07-06 10:40:00",300,1,87,20,36,38.899998,27,89.5807560137457,20.18,36.16,39.0599977,27.6533333333333,82,15,36,38.899998,0,101,25,36.75,39.649998,44,0.03,0,0,0,0
"2025-07-06 10:45:00",300,1,82,22,36,38.899998,40,82.3933333333333,21.4366666666667,36,38.899998,38.99,79,15,36,38.899998,24,87,27,36,38.899998,52,0,0,0,0,0
"2025-07-06 10:50:00",300,1,81,21,36,38.899998,53,81.1366666666667,20.6833333333333,36,38.899998,55.2733333333333,78,16,36,38.899998,39,89,24,36,38.899998,70,0,0,0,0,0
"2025-07-06 10:55:00",300,1,84,20,36,38.899998,35,85.1066666666667,21.08,36,38.899998,36.0033333333333,79,17,36,38.899998,19,93,28,36,38.899998,63,0,0,0,0,0
"2025-07-06 11:00:00",300,1,82,21,36,38.899998,41,81.7166666666667,21.0766666666667,36,38.899998,43.7233333333333,78,18,36,38.899998,21,89,27,36,38.899998,74,0,0,0,0,0
"2025-07-06 11:05:00",300,1,82,21,36.3,39.199997,53,82.4779661016949,20.6166666666667,36.3145,39.21449852,50.55,78,14,36,38.899998,0,87,25,36.65,39.55,72,0.0166666666666667,0,0,0,0
"2025-07-06 11:10:00",300,1,81,22,36,38.899998,63,81.68,21.49,36.0155,38.91549818,60.2666666666667,78,16,36,38.899998,26,89,26,36.2,39.1,84,0,0,0,0,0
"2025-07-06 11:15:00",300,1,81,18,36,38.899998,79,81.5118644067797,19.02,36.015,38.9149977,72.8166666666667,79,16,36,38.899998,0,92,24,36.1,38.999996,111,0.0166666666666667,0,0,0,0
"2025-07-06 11:20:00",300,1,81,21,36.05,38.949997,63,80.7733333333333,20.9833333333333,36.0765,38.97649817,57.8233333333333,79,17,36,38.899998,29,84,26,36.25,39.149998,97,0,0,0,0,0
"2025-07-06 11:25:00",300,1,79,20,36.15,39.05,57,79.5466666666667,20.03,36.141,39.04099813,55.32,77,16,36,38.899998,33,83,24,36.55,39.449997,77,0,0,0,0,0
"2025-07-06 11:30:00",300,1,80,19,36,38.899998,60,79.96,19.2266666666667,36.0105,38.91049779,52.71,77,16,36,38.899998,28,86,25,36.1,38.999996,83,0,0,0,0,0
"2025-07-06 11:35:00",300,1,80,18,36,38.899998,40,79.7433333333333,18.77,36.002,38.90199796,43.8,78,17,36,38.899998,29,82,25,36.05,38.949997,79,0,0,0,0,0
"2025-07-06 11:40:00",300,1,79,18,36,38.899998,37,79.0933333333333,18.1866666666667,36,38.899998,36.0333333333333,76,16,36,38.899998,25,81,23,36,38.899998,44,0,0,0,0,0
"2025-07-06 11:45:00",300,1,80,19,36,38.899998,38,79.81,18.8066666666667,36,38.899998,38.4133333333333,78,16,36,38.899998,26,85,21,36,38.899998,52,0,0,0,0,0
"2025-07-06 11:50:00",300,1,80,19,36,38.899998,36,80.3466666666667,19.14,36,38.899998,42.6233333333333,78,16,36,38.899998,29,86,24,36,38.899998,80,0,0,0,0,0
"2025-07-06 11:55:00",300,1,81,20,36,38.899998,35,81.0033333333333,19.97,36.002,38.90199802,34.4466666666667,78,17,36,38.899998,23,84,24,36.2,39.1,48,0,0,0,0,0
"2025-07-06 12:00:00",300,1,81,19,37,39.899998,38,80.9066666666667,19.9466666666667,36.9205,39.82049808,38.8033333333333,79,16,36.2,39.1,21,84,32,37,39.899998,54,0,0,0,0,0
"2025-07-06 12:05:00",300,1,81,20,37,39.899998,33,81.8061224489796,20.7833333333333,37,39.899998,37.1833333333333,79,17,37,39.899998,0,88,29,37,39.899998,72,0.02,0,0,0,0
"2025-07-06 12:10:00",300,1,82,20,37,39.899998,32,81.8066666666667,20.6301369863014,36.9435,39.84349788,31.83,79,17,36.8,39.699997,22,85,35,37,39.899998,42,0,0.0266666666666667,0,0,0
"2025-07-06 12:15:00",300,1,81,19,37,39.899998,47,80.9933333333333,18.8666666666667,36.979,39.87899832,47.89,79,17,36.85,39.749996,22,84,23,37,39.899998,104,0,0,0,0,0
"2025-07-06 12:20:00",300,1,82,18,37,39.899998,25,81.63,18.1666666666667,37,39.899998,25.1033333333333,80,16,37,39.899998,9,84,22,37,39.899998,42,0,0,0,0,0
"2025-07-06 12:25:00",300,1,82,18,37,39.899998,32,81.8766666666667,18.8333333333333,37,39.899998,33.9766666666667,79,17,37,39.899998,8,86,26,37,39.899998,56,0,0,0,0,0
"2025-07-06 12:30:00",300,1,82,19,37,39.899998,18,81.78,19.0933333333333,37,39.899998,29.4233333333333,80,17,37,39.899998,4,84,23,37,39.899998,99,0,0,0,0,0
"2025-07-06 12:35:00",300,1,83,18,37,39.899998,14,82.8966666666667,18.1533333333333,37,39.899998,22.7066666666667,80,15,37,39.899998,8,86,22,37,39.899998,48,0,0,0,0,0
"2025-07-06 12:40:00",300,1,83,18,37,39.899998,16,83.2406779661017,18.05,37,39.899998,17.32,81,16,37,39.899998,0,86,21,37,39.899998,42,0.0166666666666667,0,0,0,0
"2025-07-06 12:45:00",300,1,84,18,37,39.899998,16,84.6576271186441,18.61,37,39.899998,20.7066666666667,82,14,37,39.899998,0,90,25,37,39.899998,48,0.0166666666666667,0,0,0,0
"2025-07-06 12:50:00",300,1,85,21,36.9,39.8,18,85.0033333333333,21.0866666666667,36.72,39.61999825,31.3833333333333,82,17,36,38.899998,7,88,28,37,39.899998,100,0,0,0,0,0
"2025-07-06 12:55:00",300,1,84,18,36,38.899998,11,84.6666666666667,17.8633333333333,36.005,38.9049979,14.1833333333333,82,14,36,38.899998,0,88,20,36.05,38.949997,44,0.05,0,0,0,0
"2025-07-06 13:00:00",300,1,86,19,36,38.899998,10,85.76,18.8566666666667,36.0125,38.91249775,11.3633333333333,83,16,36,38.899998,5,89,22,36.1,38.999996,25,0,0,0,0,0
"2025-07-06 13:05:00",300,1,84,19,36.8,39.699997,8,84.43,18.85,36.5325,39.4324978,15.6733333333333,82,15,36,38.899998,5,87,22,37,39.899998,65,0,0,0,0,0
"2025-07-06 13:10:00",300,1,83,18,37,39.899998,8,83.4666666666667,18.76,37,39.899998,9.41333333333333,82,17,37,39.899998,5,85,22,37,39.899998,16,0,0,0,0,0
"2025-07-06 13:15:00",300,1,85,20,37,39.899998,11,85.1733333333333,20.5333333333333,37,39.899998,14.4,82,16,37,39.899998,8,90,31,37,39.899998,26,0,0,0,0,0
"2025-07-06 13:20:00",300,1,86,20,37,39.899998,9,85.82,20.0833333333333,37,39.899998,12.5433333333333,84,18,37,39.899998,5,88,24,37,39.899998,40,0,0,0,0,0
"2025-07-06 13:25:00",300,1,86,19,37,39.899998,12,86.471186440678,18.6966666666667,37,39.899998,18.49,84,16,37,39.899998,0,90,22,37,39.899998,44,0.0166666666666667,0,0,0,0
"2025-07-06 13:30:00",300,1,87,20,37,39.899998,44,87.1661016949153,19.61,37,39.899998,42,85,16,37,39.899998,0,90,25,37,39.899998,108,0.0166666666666667,0,0,0,0
"2025-07-06 13:35:00",300,1,92,20,37,39.899998,13,90.8959107806691,18.53,37,39.899998,23.4,86,9,37,39.899998,0,99,25,37,39.899998,68,0.103333333333333,0,0,0,0
"2025-07-06 13:40:00",300,1,90,21,37,39.899998,8,89.9766666666667,21.3033333333333,37,39.899998,13.3266666666667,87,18,37,39.899998,6,93,25,37,39.899998,47,0,0,0,0,0
"2025-07-06 13:45:00",300,1,87,19,37,39.899998,9,87.31,19.36,37,39.899998,16.1,85,17,37,39.899998,6,91,25,37,39.899998,48,0,0,0,0,0
"2025-07-06 13:50:00",300,1,90,20,37,39.899998,10.5,90.47,19.8966666666667,37,39.899998,11.3033333333333,87,17,37,39.899998,8,96,26,37,39.899998,18,0,0,0,0,0
"2025-07-06 13:55:00",300,1,90,22,37,39.899998,8,89.8166666666667,21.77,36.99,39.8899982,21.1066666666667,87,18,36.9,39.8,4,93,27,37,39.899998,66,0,0,0,0,0
"2025-07-06 14:00:00",300,1,90,20,37,39.899998,9,90.08,19.83,36.969,39.86899832,18.31,89,17,36.85,39.749996,5,92,22,37,39.899998,57,0,0,0,0,0
"2025-07-06 14:05:00",300,1,93,21,37,39.899998,8,92.8,21.7333333333333,36.9885,39.88849838,13.3333333333333,90,18,36.9,39.8,5,96,35,37,39.899998,56,0,0,0,0,0
"2025-07-06 14:10:00",300,1,95,22,37,39.899998,12,95.2237288135593,21.3566666666667,37,39.899998,23.2133333333333,93,15,37,39.899998,0,99,26,37,39.899998,60,0.0166666666666667,0,0,0,0
"2025-07-06 14:15:00",300,1,96,22,37,39.899998,12,95.4421052631579,21.2533333333333,37,39.899998,14.05,92,16,37,39.899998,0,98,25,37,39.899998,38,0.05,0,0,0,0
"2025-07-06 14:20:00",300,1,96,21,37,39.899998,9,97.4392156862745,20.59,36.9925,39.8924981,9.31,92,14,36.5,39.399998,0,106,26,37,39.899998,25,0.15,0,0,0,0
"2025-07-06 14:25:00",300,1,101,20,36,38.899998,13,99.6788321167883,20.1266666666667,36.025,38.9249979,11.68,92,15,36,38.899998,0,106,28,36.5,39.399998,18,0.0866666666666667,0,0,0,0
"2025-07-06 14:30:00",300,1,90,20.5,36,38.899998,22,91.0314685314685,20.5866666666667,36,38.899998,23.2233333333333,86,11,36,38.899998,0,98,26,36,38.899998,37,0.0466666666666667,0,0,0,0
"2025-07-06 14:35:00",300,1,96,20,36,38.899998,13,97.0634328358209,19.4633333333333,36,38.899998,15.6033333333333,90,10,36,38.899998,0,105,25,36,38.899998,76,0.106666666666667,0,0,0,0
"2025-07-06 14:40:00",300,1,89,18,36,38.899998,13,89.1088082901554,17.3666666666667,36,38.899998,24.4766666666667,85,8,36,38.899998,0,93,23,36,38.899998,80,0.356666666666667,0,0,0,0
"2025-07-06 14:45:00",300,1,89,19,36,38.899998,9,89.6705882352941,18.15,36.24,39.1399984,11.8266666666667,85,11,36,38.899998,0,97,22,37,39.899998,48,0.15,0,0,0,0
"2025-07-06 14:50:00",300,1,86,18,37,39.899998,8,86.3020833333333,18.8433333333333,37,39.899998,7.79666666666667,83,17,37,39.899998,0,90,25,37,39.899998,16,0.04,0,0,0,0
"2025-07-06 14:55:00",300,1,85,20,37,39.899998,9,86.0839416058394,20.1066666666667,37,39.899998,15.4633333333333,83,15,37,39.899998,0,93,24,37,39.899998,60,0.0866666666666667,0,0,0,0
"2025-07-06 15:00:00",300,1,90,20,37,39.899998,18,89.8576271186441,19.74,37,39.899998,33.9,87,14,37,39.899998,0,92,24,37,39.899998,88,0.0166666666666667,0,0,0,0
"2025-07-06 15:05:00",300,1,91,21,37,39.899998,23,91.15,21.0933333333333,37,39.899998,22.2066666666667,89,18,37,39.899998,5,93,27,37,39.899998,48,0,0,0,0,0
"2025-07-06 15:10:00",300,1,90,18,37,39.899998,6,90.9617021276596,18.1466666666667,37,39.899998,14.0166666666667,88,12,37,39.899998,0,98,25,37,39.899998,48,0.216666666666667,0,0,0,0
"2025-07-06 15:15:00",300,1,89,20,37,39.899998,7,88.7728813559322,21.0933333333333,37,39.899998,16.03,86,18,37,39.899998,0,91,28,37,39.899998,62,0.0166666666666667,0,0,0,0
"2025-07-06 15:20:00",300,1,87,19,37.3,40.199997,11,87.0034013605442,19.42,37.4275,40.3274984,33.8233333333333,85,18,37,39.899998,0,90,23,38,40.899998,93,0.02,0,0,0,0
"2025-07-06 15:25:00",300,1,85,20,38,40.899998,6,85.4733333333333,19.8533333333333,38,40.899998,19.6533333333333,84,17,38,40.899998,4,88,23,38,40.899998,90,0,0,0,0,0
"2025-07-06 15:30:00",300,1,85,19,38,40.899998,28,85.54,19.2066666666667,38,40.899998,31.19,85,17,38,40.899998,4,88,24,38,40.899998,92,0,0,0,0,0
"2025-07-06 15:35:00",300,1,84,20,38,40.899998,8,84.2033333333333,19.68,38,40.899998,7.66,82,17,38,40.899998,5,87,23,38,40.899998,11,0,0,0,0,0
"2025-07-06 15:40:00",300,1,85,18,38,40.899998,11,85.6076388888889,18.04,38,40.899998,17.04,81,12,38,40.899998,0,91,22,38,40.899998,38,0.04,0,0,0,0
"2025-07-06 15:45:00",300,1,87.5,19,38,40.899998,11,87.8015267175573,18.7566666666667,38,40.899998,18.8766666666667,84,15,38,40.899998,0,93,23,38,40.899998,81,0.126666666666667,0,0,0,0
"2025-07-06 15:50:00",300,1,87,17,38,40.899998,8,86.9554794520548,17.6566666666667,38,40.899998,19.44,84,15,38,40.899998,0,92,21,38,40.899998,81,0.0266666666666667,0,0,0,0
"2025-07-06 15:55:00",300,1,83,17,38,40.899998,29,83.46,17.5266666666667,38,40.899998,29.6966666666667,81,15,38,40.899998,6,93,21,38,40.899998,65,0,0,0,0,0
"2025-07-06 16:00:00",300,1,81,18,38,40.899998,18,81.35,18.2033333333333,38,40.899998,25.0466666666667,79,16,38,40.899998,6,86,21,38,40.899998,49,0,0,0,0,0
"2025-07-06 16:05:00",300,1,81,18,38,40.899998,12,81.6966666666667,18.24,38,40.899998,21.89,79,16,38,40.899998,5,85,24,38,40.899998,53,0,0,0,0,0
"2025-07-06 16:10:00",300,1,81,18,38,40.899998,16.5,81.0666666666667,18.0833333333333,38,40.899998,17.9766666666667,79,15,38,40.899998,6,85,22,38,40.899998,43,0,0,0,0,0
"2025-07-06 16:15:00",300,1,80,18,38,40.899998,15,80.5233333333333,18.2366666666667,38,40.899998,29.5666666666667,78,15,38,40.899998,7,84,25,38,40.899998,78,0,0,0,0,0
"2025-07-06 16:20:00",300,1,80,17,38,40.899998,11,80.2433333333333,17.94,38,40.899998,16.01,78,15,38,40.899998,6,84,24,38,40.899998,61,0,0,0,0,0
"2025-07-06 16:25:00",300,1,80,19,38,40.899998,16.5,80.0266666666667,19.1433333333333,38,40.899998,22.4933333333333,78,15,38,40.899998,11,83,24,38,40.899998,59,0,0,0,0,0
"2025-07-06 16:30:00",300,1,83,21,38,40.899998,20,82.63,20.3733333333333,38,40.899998,20.5133333333333,80,14,38,40.899998,15,87,26,38,40.899998,27,0,0,0,0,0
"2025-07-06 16:35:00",300,1,82,17,38,40.899998,21,82.7118644067797,17.9766666666667,38,40.899998,26.24,77,14,38,40.899998,0,92,26,38,40.899998,56,0.0166666666666667,0,0,0,0
"2025-07-06 16:40:00",300,1,88,17,38,40.899998,13,87.8853046594982,17.17,38,40.899998,22.96,84,12,38,40.899998,0,93,23,38,40.899998,73,0.07,0,0,0,0
"2025-07-06 16:45:00",300,1,83,18,38,40.899998,10,82.8966666666667,17.7933333333333,38,40.899998,15.3733333333333,79,16,38,40.899998,7,87,21,38,40.899998,39,0,0,0,0,0
"2025-07-06 16:50:00",300,1,80,17,38,40.899998,31,80.2266666666667,16.8933333333333,38,40.899998,32.76,78,15,38,40.899998,7,93,22,38,40.899998,62,0,0,0,0,0
"2025-07-06 16:55:00",300,1,80,17,38,40.899998,12,79.5566666666667,17.6266666666667,38,40.899998,15.29,78,15,38,40.899998,7,83,23,38,40.899998,58,0,0,0,0,0
"2025-07-06 17:00:00",300,1,80,19,38,40.899998,34,80.65,18.77,38,40.899998,34.29,78,16,38,40.899998,8,89,23,38,40.899998,67,0,0,0,0,0
"2025-07-06 17:05:00",300,1,80,16,38,40.899998,12.5,80.4466666666667,16.4766666666667,38,40.899998,26.1233333333333,78,15,38,40.899998,8,92,18,38,40.899998,64,0,0,0,0,0
"2025-07-06 17:10:00",300,1,80,17,38,40.899998,31,80.8542372881356,17.4233333333333,38,40.899998,29.7666666666667,78,15,38,40.899998,0,89,22,38,40.899998,69,0.0166666666666667,0,0,0,0
"2025-07-06 17:15:00",300,1,84,18,38,40.899998,17,84.6014492753623,18.0133333333333,38,40.899998,18.06,80,15,38,40.899998,0,95,21,38,40.899998,67,0.08,0,0,0,0
"2025-07-06 17:20:00",300,1,84,18,38,40.899998,14.5,83.8779661016949,18.2733333333333,38,40.899998,16.9066666666667,81,15,38,40.899998,0,96,25,38,40.899998,39,0.0166666666666667,0,0,0,0
"2025-07-06 17:25:00",300,1,83,18,38,40.899998,26.5,83.8483754512635,17.61,38,40.899998,30.5433333333333,81,14,38,40.899998,0,89,22,38,40.899998,56,0.0766666666666667,0,0,0,0
"2025-07-06 17:30:00",300,1,84,18,38,40.899998,24,83.8526315789474,17.5966666666667,38.021,40.92099783,30.88,81,14,38,40.899998,0,89,21,38.15,41.05,83,0.05,0,0,0,0
"2025-07-06 17:35:00",300,1,87,17,38,40.899998,19.5,86.875486381323,17.7966666666667,38.004,40.90399792,30.77,80,15,38,40.899998,0,100,21,38.1,40.999996,95,0.143333333333333,0,0,0,0
"2025-07-06 17:40:00",300,1,105,21,38,40.899998,8,103.164556962025,21.2566666666667,38,40.899998,14.0666666666667,96,15,38,40.899998,0,109,26,38,40.899998,73,0.21,0,0,0,0
"2025-07-06 17:45:00",300,1,102,20,37,39.899998,16,102.28,19.3233333333333,37.15,40.0499981,18.1033333333333,97,14,37,39.899998,10,112,24,38,40.899998,36,0,0,0,0,0
"2025-07-06 17:50:00",300,1,96,21,37,39.899998,13,97.135593220339,20.8733333333333,37,39.899998,13.0933333333333,89,16,37,39.899998,0,107,24,37,39.899998,21,0.0166666666666667,0,0,0,0
"2025-07-06 17:55:00",300,1,87,20,37,39.899998,16,86.9423728813559,20.4366666666667,37,39.899998,19.1633333333333,85,18,37,39.899998,0,91,23,37,39.899998,42,0.0166666666666667,0,0,0,0
"2025-07-06 18:00:00",300,1,86,20,37,39.899998,16,85.7066666666667,19.6966666666667,37,39.899998,16.1366666666667,84,18,37,39.899998,7,90,22,37,39.899998,30,0,0,0,0,0
"2025-07-06 18:05:00",300,1,91,20,37,39.899998,14,90.2947368421053,19.5366666666667,37,39.899998,17.6633333333333,83,11,37,39.899998,0,98,33,37,39.899998,42,0.05,0,0,0,0
"2025-07-06 18:10:00",300,1,86,20,37,39.899998,21,86.4590747330961,20.2833333333333,37,39.899998,18.9066666666667,83,15,37,39.899998,0,93,26,37,39.899998,29,0.0633333333333333,0,0,0,0
"2025-07-06 18:15:00",300,1,86,19,37,39.899998,22,86.4528301886792,18.7266666666667,37,39.899998,22.4533333333333,82,14,37,39.899998,0,93,22,37,39.899998,40,0.116666666666667,0,0,0,0
"2025-07-06 18:20:00",300,1,91,18,37,39.899998,16,91.8008130081301,18.5666666666667,37,39.899998,29.8166666666667,85,13,37,39.899998,0,99,27,37,39.899998,115,0.18,0,0,0,0
"2025-07-06 18:25:00",300,1,88,18,37,39.899998,48,88.2366666666667,18.5466666666667,37,39.899998,45.21,86,16,37,39.899998,5,92,22,37,39.899998,131,0,0,0,0,0
"2025-07-06 18:30:00",300,1,85,17,37,39.899998,11,84.29,16.4733333333333,37.135,40.034998,33.0166666666667,81,15,37,39.899998,5,87,18,37.85,40.749996,103,0,0,0,0,0
"2025-07-06 18:35:00",300,1,82,18,38,40.899998,26,82.4966666666667,18.2833333333333,37.9575,40.85749835,35.22,80,16,37.75,40.649998,10,95,23,38,40.899998,101,0,0,0,0,0
"2025-07-06 18:40:00",300,1,82,18,38,40.899998,15,81.9466666666667,17.9166666666667,38,40.899998,26.4866666666667,80,17,38,40.899998,6,88,22,38,40.899998,67,0,0,0,0,0
"2025-07-06 18:45:00",300,1,81,17,38,40.899998,21.5,81.43,17.5766666666667,38,40.899998,38.1733333333333,79,16,38,40.899998,14,85,20,38,40.899998,117,0,0,0,0,0
"2025-07-06 18:50:00",300,1,82,17,38,40.899998,19,82.27,17.1066666666667,38,40.899998,20.6766666666667,80,15,38,40.899998,13,86,19,38,40.899998,33,0,0,0,0,0
"2025-07-06 18:55:00",300,1,83,17,38,40.899998,25,83.5627118644068,17.8066666666667,38,40.899998,48.7633333333333,80,16,38,40.899998,0,115,22,38,40.899998,104,0.0166666666666667,0,0,0,0
"2025-07-06 19:00:00",300,1,83,17,38,40.899998,29,82.9566666666667,17.84,38,40.899998,33.4966666666667,80,16,38,40.899998,14,89,21,38,40.899998,66,0,0,0,0,0
"2025-07-06 19:05:00",300,1,83,17,38,40.899998,17,85.2367491166078,17.2633333333333,38,40.899998,25.35,80,15,38,40.899998,0,97,22,38,40.899998,72,0.0566666666666667,0,0,0,0
"2025-07-06 19:10:00",300,1,90,19,38,40.899998,18,90.4618055555556,19.9933333333333,38,40.899998,37.5433333333333,87,16,38,40.899998,0,104,25,38,40.899998,108,0.04,0,0,0,0
"2025-07-06 19:15:00",300,1,90,19,38,40.899998,16,89.8071428571429,19.1066666666667,38,40.899998,17.5866666666667,87,14,38,40.899998,0,94,22,38,40.899998,43,0.0666666666666667,0,0,0,0
"2025-07-06 19:20:00",300,1,89,19,38,40.899998,11,90.2813559322034,19.45,38,40.899998,13.96,87,17,38,40.899998,0,98,26,38,40.899998,34,0.0166666666666667,0,0,0,0
"2025-07-06 19:25:00",300,1,97,20,38,40.899998,16,98.8308823529412,18.9966666666667,37.908,40.80799794,23.39,89,14,37.05,39.949997,0,110,24,38,40.899998,94,0.0933333333333333,0,0,0,0
"2025-07-06 19:30:00",300,1,101.5,17,37,39.899998,23,100.575187969925,17.3666666666667,37.0045,39.90449791,28.83,92,12,37,39.899998,0,108,24,37.05,39.949997,93,0.113333333333333,0,0,0,0
"2025-07-06 19:35:00",300,1,91,19,37,39.899998,19,91.0655172413793,18.9633333333333,37,39.899998,18.1166666666667,84,16,37,39.899998,0,99,23,37,39.899998,29,0.0333333333333333,0,0,0,0
"2025-07-06 19:40:00",300,1,87,18,37,39.899998,22,87.036231884058,18.1733333333333,36.995,39.8949982,26.2133333333333,83,11,36.95,39.85,0,92,21,37,39.899998,93,0.08,0,0,0,0
"2025-07-06 19:45:00",300,1,88,19,37,39.899998,18,87.9429657794677,18.8133333333333,37,39.899998,34.3466666666667,84,12,37,39.899998,0,93,23,37,39.899998,108,0.123333333333333,0,0,0,0
"2025-07-06 19:50:00",300,1,86,19,37,39.899998,32,86.6116838487973,19.0833333333333,37,39.899998,37.2633333333333,81,16,37,39.899998,0,94,24,37,39.899998,84,0.03,0,0,0,0
"2025-07-06 19:55:00",300,1,90,18,37,39.899998,16,89.8371040723982,17.1266666666667,37,39.899998,31.2533333333333,83,11,37,39.899998,0,94,23,37,39.899998,125,0.263333333333333,0,0,0,0
"2025-07-06 20:00:00",300,1,88,20,37,39.899998,16,88.5577689243028,18.4633333333333,37,39.899998,18.0533333333333,86,12,37,39.899998,0,93,23,37,39.899998,47,0.163333333333333,0,0,0,0
"2025-07-06 20:05:00",300,1,90,19,37,39.899998,30,89.6531365313653,19.54,37,39.899998,30.21,85,14,37,39.899998,0,97,35,37,39.899998,54,0.0966666666666667,0,0,0,0
"2025-07-06 20:10:00",300,1,88,19,37,39.899998,28,88.2900763358779,18.2066666666667,37,39.899998,32.9766666666667,85,12,37,39.899998,0,92,22,37,39.899998,92,0.126666666666667,0,0,0,0
"2025-07-06 20:15:00",300,1,85,18,37,39.899998,26,84.7898305084746,18.7966666666667,37,39.899998,31.44,80,17,37,39.899998,0,92,22,37,39.899998,57,0.0166666666666667,0,0,0,0
"2025-07-06 20:20:00",300,1,81,19,37,39.899998,32,81.7,19.39,37,39.899998,33.8566666666667,76,17,37,39.899998,16,98,23,37,39.899998,52,0,0,0,0,0
"2025-07-06 20:25:00",300,1,81,19,37,39.899998,41,81.7466666666667,18.97,37,39.899998,38.6033333333333,77,17,37,39.899998,21,89,21,37,39.899998,55,0,0,0,0,0
"2025-07-06 20:30:00",300,1,81,19,36.9,39.8,34,81.8266666666667,18.91,36.814,39.71399912,37.8633333333333,76,17,36.15,39.05,23,98,21,37,39.899998,59,0,0,0,0,0
"2025-07-06 20:35:00",300,1,80,19,36,38.899998,70,80.7233333333333,18.7433333333333,36.0535,38.95349788,65.8666666666667,75,15,36,38.899998,29,100,24,36.4,39.3,112,0,0,0,0,0
"2025-07-06 20:40:00",300,1,79.5,18,36,38.899998,49,80.9933333333333,17.9166666666667,36,38.899998,52.8166666666667,75,15,36,38.899998,35,94,22,36,38.899998,82,0,0,0,0,0
"2025-07-06 20:45:00",300,1,79,19,36,38.899998,44,80.4,18.7,36,38.899998,47.9633333333333,76,16,36,38.899998,29,100,21,36,38.899998,69,0,0,0,0,0
"2025-07-06 20:50:00",300,1,80,19,36,38.899998,45,80.31,18.52,36,38.899998,45.1866666666667,74,17,36,38.899998,32,89,21,36,38.899998,57,0,0,0,0,0
"2025-07-06 20:55:00",300,1,83,18,36,38.899998,36,82.5272108843537,18.1333333333333,36,38.899998,43.9633333333333,75,15,36,38.899998,0,95,21,36,38.899998,88,0.02,0,0,0,0
"2025-07-06 21:00:00",300,1,82,19,36,38.899998,36,82.77,18.72,36.017,38.91699807,37.6366666666667,77,16,36,38.899998,15,96,23,36.7,39.6,59,0,0,0,0,0
"2025-07-06 21:05:00",300,1,82,18,37,39.899998,37,82.5333333333333,17.9166666666667,36.953,39.85299838,39.8633333333333,77,14,36.7,39.6,17,93,22,37,39.899998,74,0,0,0,0,0
"2025-07-06 21:10:00",300,1,86.5,18,37,39.899998,30,85.5282258064516,17.9333333333333,37,39.899998,27.3133333333333,77,11,37,39.899998,0,95,23,37,39.899998,58,0.173333333333333,0,0,0,0
"2025-07-06 21:15:00",300,1,90,19,37,39.899998,30.5,90.1359649122807,19.8783783783784,37,39.899998,30.5633333333333,85,11,37,39.899998,0,97,35,37,39.899998,67,0.24,0.0133333333333333,0,0,0
"2025-07-06 21:20:00",300,1,90,18,37,39.899998,16,89.5733333333333,17.8166666666667,37,39.899998,15.85,85,9,37,39.899998,0,94,34,37,39.899998,61,0.25,0,0,0,0
"2025-07-06 21:25:00",300,1,93,18,37,39.899998,11,92.9259259259259,18.5566666666667,37,39.899998,13.0266666666667,89,11,37,39.899998,0,98,25,37,39.899998,47,0.19,0,0,0,0
"2025-07-06 21:30:00",300,1,90,21,37,39.899998,15,90.3379310344828,20.7733333333333,36.975,39.87499775,24.9633333333333,86,12,36.8,39.699997,0,97,24,37,39.899998,65,0.0333333333333333,0,0,0,0
"2025-07-06 21:35:00",300,1,92,20,36.725,39.624999,33.5,92.203187250996,19.1466666666667,36.76,39.65999795,31.2466666666667,88,13,36.5,39.399998,0,96,23,37,39.899998,77,0.163333333333333,0,0,0,0
"2025-07-06 21:40:00",300,1,92,19,37,39.899998,14,91.6181102362205,19.2033333333333,36.9825,39.8824985,17.9833333333333,84,14,36.9,39.8,0,97,25,37,39.899998,52,0.153333333333333,0,0,0,0
"2025-07-06 21:45:00",300,1,90,19,37,39.899998,15,90.0930232558139,18.3933333333333,37,39.899998,24.92,87,12,37,39.899998,0,93,23,37,39.899998,66,0.14,0,0,0,0
"2025-07-06 21:50:00",300,1,89,19,37,39.899998,13,89.0075187969925,18.8233333333333,37,39.899998,14,86,14,37,39.899998,0,93,22,37,39.899998,35,0.113333333333333,0,0,0,0
"2025-07-06 21:55:00",300,1,89,20,37,39.899998,11,88.9277566539924,19.61,37,39.899998,10.5866666666667,85,12,37,39.899998,0,92,24,37,39.899998,17,0.123333333333333,0,0,0,0
"2025-07-06 22:00:00",300,1,88,21,37,39.899998,14,88.1911764705882,20.0366666666667,37,39.899998,27.1166666666667,85,16,37,39.899998,0,92,23,37,39.899998,90,0.0933333333333333,0,0,0,0
"2025-07-06 22:05:00",300,1,90,20,36.9,39.8,17,89.6592592592593,19.37,36.903,39.80299794,26.0866666666667,84,14,36.55,39.449997,0,92,23,37,39.899998,83,0.1,0,0,0,0
"2025-07-06 22:10:00",300,1,89,20,37,39.899998,18,89.3951612903226,19.3933333333333,36.966,39.86599803,27.9133333333333,85,14,36.8,39.699997,0,94,23,37,39.899998,65,0.173333333333333,0,0,0,0
"2025-07-06 22:15:00",300,1,89,20,36.925,39.825,15,89.2462686567164,19.31,36.831,39.73099868,16.6266666666667,87,14,36.35,39.249996,0,92,24,37,39.899998,40,0.106666666666667,0,0,0,0
"2025-07-06 22:20:00",300,1,87,20,36,38.899998,16,86.7965517241379,19.66,36.1975,39.0974983,21.9366666666667,84,18,36,38.899998,0,90,24,36.75,39.649998,53,0.0333333333333333,0,0,0,0
"2025-07-06 22:25:00",300,1,86,19,36,38.899998,43,85.7607142857143,19.0166666666667,36,38.899998,35.05,82,14,36,38.899998,0,90,22,36,38.899998,59,0.0666666666666667,0,0,0,0
"2025-07-06 22:30:00",300,1,84.5,19,36,38.899998,20,84.3655172413793,18.73,36,38.899998,23.4366666666667,80,16,36,38.899998,0,88,21,36,38.899998,61,0.0333333333333333,0,0,0,0
"2025-07-06 22:35:00",300,1,85,19,36,38.899998,19,84.9558823529412,18.5433333333333,36,38.899998,27.15,80,13,36,38.899998,0,93,23,36,38.899998,66,0.0933333333333333,0,0,0,0
"2025-07-06 22:40:00",300,1,89,20,36,38.899998,34,88.6882591093117,20.04,36,38.899998,30.16,84,17,36,38.899998,0,95,24,36,38.899998,72,0.176666666666667,0,0,0,0
"2025-07-06 22:45:00",300,1,94,17,36,38.899998,16,94.3604060913706,17.0633333333333,36,38.899998,15.24,89,12,36,38.899998,0,103,22,36,38.899998,61,0.343333333333333,0,0,0,0
"2025-07-06 22:50:00",300,1,103,20,36,38.899998,12,103.486206896552,19.36,36,38.899998,14.7033333333333,101,14,36,38.899998,0,106,24,36,38.899998,36,0.0333333333333333,0,0,0,0
"2025-07-06 22:55:00",300,1,89,22,36,38.899998,20,90.9254237288136,21.1233333333333,36,38.899998,25.46,84,15,36,38.899998,0,104,28,36,38.899998,65,0.0166666666666667,0,0,0,0
"2025-07-06 23:00:00",300,1,88,21,36,38.899998,30,88.1923076923077,21.01,36,38.899998,28.36,84,17,36,38.899998,0,95,25,36,38.899998,40,0.0466666666666667,0,0,0,0
"2025-07-06 23:05:00",300,1,86,20,36,38.899998,32,86.13,20.0033333333333,36,38.899998,31.2433333333333,81,15,36,38.899998,22,90,24,36,38.899998,39,0,0,0,0,0
"2025-07-06 23:10:00",300,1,86,20,36,38.899998,31,85.8666666666667,19.78,36,38.899998,30.35,82,16,36,38.899998,23,90,24,36,38.899998,37,0,0,0,0,0
"2025-07-06 23:15:00",300,1,88,20,36,38.899998,30,87.6066666666667,20.0733333333333,36,38.899998,29.6733333333333,83,17,36,38.899998,21,92,22,36,38.899998,39,0,0,0,0,0
"2025-07-06 23:20:00",300,1,89,21,36,38.899998,28,88.82,20.42,36,38.899998,27.4166666666667,86,16,36,38.899998,18,93,23,36,38.899998,37,0,0,0,0,0
"2025-07-06 23:25:00",300,1,91,21,36,38.899998,26.5,90.5166666666667,21.1966666666667,36,38.899998,32.8333333333333,88,18,36,38.899998,15,94,28,36,38.899998,66,0,0,0,0,0
"2025-07-06 23:30:00",300,1,94,21,36,38.899998,15,94.3016949152542,21.0466666666667,36,38.899998,15.81,90,17,36,38.899998,0,99,24,36,38.899998,37,0.0166666666666667,0,0,0,0
"2025-07-06 23:35:00",300,1,94,22,36,38.899998,15,94.2133333333333,23.1733333333333,36.0715,38.97149822,19.9833333333333,90,17,36,38.899998,9,99,33,36.25,39.149998,40,0,0,0,0,0
"2025-07-06 23:40:00",300,1,94,22,36.3,39.199997,15,93.7132867132867,20.6533333333333,36.2915,39.19149792,17.7433333333333,91,13,36,38.899998,0,96,24,36.8,39.699997,46,0.0466666666666667,0,0,0,0
"2025-07-06 23:45:00",300,1,93,21,36.85,39.749996,15,92.6033333333333,20.95,36.8045,39.70449796,17.62,90,19,36.3,39.199997,10,95,24,37,39.899998,62,0,0,0,0,0
"2025-07-06 23:50:00",300,1,90,20,37,39.899998,28,89.7266435986159,20.4533333333333,37,39.899998,35.6033333333333,86,13,37,39.899998,0,97,26,37,39.899998,100,0.0366666666666667,0,0,0,0
"2025-07-06 23:55:00",300,1,89,21,37,39.899998,28,88.64,21.4566666666667,37,39.899998,28.4933333333333,83,19,37,39.899998,20,94,29,37,39.899998,38,0,0,0,0,0
"2025-07-07 00:00:00",300,1,89,24,37,39.899998,27,88.86,23.5566666666667,37,39.899998,26.44,84,21,37,39.899998,21,93,26,37,39.899998,31,0,0,0,0,0
"2025-07-07 00:05:00",300,1,93,21,37,39.899998,19,92.636690647482,20.85,37,39.899998,19.49,83,17,37,39.899998,0,102,26,37,39.899998,38,0.0733333333333333,0,0,0,0
"2025-07-07 00:10:00",300,1,93,20,36.25,39.149998,14.5,92.6347517730496,19.6033333333333,36.46,39.3599982,21.0633333333333,89,14,36,38.899998,0,96,24,37,39.899998,61,0.06,0,0,0,0
"2025-07-07 00:15:00",300,1,99,21,36,38.899998,10,99.8028673835125,20.3833333333333,36,38.899998,9.91666666666667,90,14,36,38.899998,0,108,26,36,38.899998,20,0.07,0,0,0,0
"2025-07-07 00:20:00",300,1,94,23,35.85,38.749996,14,93.68,22.31,35.7,38.59999835,22.0566666666667,90,16,35,37.899998,7,96,28,36,38.899998,85,0,0,0,0,0
"2025-07-07 00:25:00",300,1,97,18,35,37.899998,13,97.71875,17.6733333333333,35,37.899998,17,93,14,35,37.899998,0,111,22,35,37.899998,46,0.04,0,0,0,0
"2025-07-07 00:30:00",300,1,93,21,35.05,37.949997,14,93.9627118644068,20.3066666666667,35.2515,38.15149802,13.8266666666667,89,16,35,37.899998,0,108,23,35.95,38.85,23,0.0166666666666667,0,0,0,0
"2025-07-07 00:35:00",300,1,93,19,36,38.899998,15,92.5724381625442,18.66,35.991,38.89099818,14.2833333333333,89,13,35.9,38.8,0,96,23,36,38.899998,22,0.0566666666666667,0,0,0,0
"2025-07-07 00:40:00",300,1,91,19,36,38.899998,17,91.5964912280702,18.7166666666667,36,38.899998,16.9633333333333,87,13,36,38.899998,0,99,24,36,38.899998,26,0.05,0,0,0,0
"2025-07-07 00:45:00",300,1,90,16,36,38.899998,20,90.1156462585034,16.5966666666667,36,38.899998,28.1333333333333,86,11,36,38.899998,0,95,26,36,38.899998,86,0.02,0,0,0,0
"2025-07-07 00:50:00",300,1,92,21,36,38.899998,20,91.6,20.2266666666667,36,38.899998,20.2066666666667,87,14,36,38.899998,0,97,23,36,38.899998,29,0.0166666666666667,0,0,0,0
"2025-07-07 00:55:00",300,1,90,19,36,38.899998,20,91.078231292517,18.1766666666667,36,38.899998,20.0766666666667,86,12,36,38.899998,0,101,23,36,38.899998,29,0.02,0,0,0,0
"2025-07-07 01:00:00",300,1,91,19,36,38.899998,24,90.4333333333333,18.5066666666667,36,38.899998,28.8133333333333,85,11,36,38.899998,21,96,25,36,38.899998,60,0,0,0,0,0
"2025-07-07 01:05:00",300,1,87,17,36,38.899998,25,87.6233333333333,17.74,36,38.899998,25.9866666666667,82,11,36,38.899998,17,95,24,36,38.899998,34,0,0,0,0,0
"2025-07-07 01:10:00",300,1,85,19,36,38.899998,27,85.0866666666667,19.65,36,38.899998,26.8666666666667,81,17,36,38.899998,23,89,23,36,38.899998,36,0,0,0,0,0
"2025-07-07 01:15:00",300,1,85,19,36,38.899998,33,87.5266666666667,18.51,36,38.899998,45.0433333333333,82,13,36,38.899998,22,160,22,36,38.899998,129,0,0,0,0,0
"2025-07-07 01:20:00",300,1,88,20,36,38.899998,30,88.1166666666667,19.4666666666667,36,38.899998,31.6766666666667,82,14,36,38.899998,20,92,24,36,38.899998,47,0,0,0,0,0
"2025-07-07 01:25:00",300,1,87,18,36,38.899998,29,86.4733333333333,18.3033333333333,36,38.899998,28.49,83,16,36,38.899998,21,90,23,36,38.899998,34,0,0,0,0,0
"2025-07-07 01:30:00",300,1,87,19,36,38.899998,31,87.3266666666667,18.7533333333333,36,38.899998,31.3133333333333,81,15,36,38.899998,25,93,23,36,38.899998,38,0,0,0,0,0
"2025-07-07 01:35:00",300,1,86,18,36,38.899998,37,86.6666666666667,18.38,36,38.899998,36.2266666666667,79,13,36,38.899998,25,94,24,36,38.899998,65,0,0,0,0,0
"2025-07-07 01:40:00",300,1,87,19,36,38.899998,37,87.2066666666667,18.7266666666667,36,38.899998,41.83,81,11,36,38.899998,27,93,25,36,38.899998,64,0,0,0,0,0
"2025-07-07 01:45:00",300,1,86,19,36,38.899998,34,86.1566666666667,19.14,36,38.899998,36.3933333333333,82,16,36,38.899998,25,91,25,36,38.899998,62,0,0,0,0,0
"2025-07-07 01:50:00",300,1,86,20,36,38.899998,37,85.5366666666667,20.1166666666667,36,38.899998,44.7966666666667,80,16,36,38.899998,30,92,28,36,38.899998,94,0,0,0,0,0
"2025-07-07 01:55:00",300,1,90,20,36,38.899998,36,90.4983050847458,19.4766666666667,36,38.899998,36.2466666666667,79,15,36,38.899998,0,104,23,36,38.899998,63,0.0166666666666667,0,0,0,0
"2025-07-07 02:00:00",300,1,90,19,36,38.899998,28,89.6266666666667,19.13,35.9715,38.87149822,28.0933333333333,84,15,35.8,38.699997,20,97,24,36,38.899998,35,0,0,0,0,0
"2025-07-07 02:05:00",300,1,86.5,19,35.925,38.825,30,87.0666666666667,20.5933333333333,35.8825,38.7824983,37.8166666666667,81,16,35.55,38.449997,26,94,33,36,38.899998,91,0,0,0,0,0
"2025-07-07 02:10:00",300,1,84,19,36,38.899998,37,84,19.01,35.886,38.78599828,38.5566666666667,78,15,35.55,38.449997,25,92,23,36,38.899998,57,0,0,0,0,0
"2025-07-07 02:15:00",300,1,81,19,36,38.899998,47,80.5118644067797,19.26,36,38.899998,46.6766666666667,76,17,36,38.899998,0,86,24,36,38.899998,64,0.0166666666666667,0,0,0,0
"2025-07-07 02:20:00",300,1,78,22,36,38.899998,63,77.9379310344828,22.5366666666667,36,38.899998,60.8433333333333,73,18,36,38.899998,0,84,28,36,38.899998,76,0.0333333333333333,0,0,0,0
"2025-07-07 02:25:00",300,1,76,20,36,38.899998,62,76.5566666666667,20.42,36,38.899998,62.4233333333333,72,15,36,38.899998,55,83,25,36,38.899998,72,0,0,0,0,0
"2025-07-07 02:30:00",300,1,75,21,36,38.899998,56,75.4652014652015,20.1066666666667,36,38.899998,51.63,73,12,36,38.899998,0,82,26,36,38.899998,67,0.09,0,0,0,0
"2025-07-07 02:35:00",300,1,86,19,36,38.899998,27,85.4474576271186,19.4833333333333,36,38.899998,31.88,73,16,36,38.899998,0,95,24,36,38.899998,56,0.0166666666666667,0,0,0,0
"2025-07-07 02:40:00",300,1,86,21,36,38.899998,25,84.8615916955017,21.0566666666667,36,38.899998,32.3233333333333,75,14,36,38.899998,0,92,28,36,38.899998,63,0.0366666666666667,0,0,0,0
"2025-07-07 02:45:00",300,1,74,20,36,38.899998,73.5,74.4,19.63,36,38.899998,71.7433333333333,68,16,36,38.899998,49,83,25,36,38.899998,85,0,0,0,0,0
"2025-07-07 02:50:00",300,1,71,18,36,38.899998,69,72.29,18.1733333333333,36,38.899998,73.87,64,15,36,38.899998,51,80,22,36,38.899998,95,0,0,0,0,0
"2025-07-07 02:55:00",300,1,70,16,36,38.899998,71.5,70.3254237288136,16.26,36,38.899998,70.2066666666667,67,14,36,38.899998,0,76,23,36,38.899998,82,0.0166666666666667,0,0,0,0
"2025-07-07 03:00:00",300,1,70,15,36,38.899998,63,69.94,15.8133333333333,36,38.899998,61.72,65,13,36,38.899998,45,78,22,36,38.899998,75,0,0,0,0,0
"2025-07-07 03:05:00",300,1,69,15,35.5,38.399998,63.5,69.6203389830508,14.9666666666667,35.5075,38.40749815,67.4766666666667,64,12,35,37.899998,0,80,20,36,38.899998,102,0.0166666666666667,0,0,0,0
"2025-07-07 03:10:00",300,1,71,19,35.05,37.949997,49,71.1130136986301,18.9966666666667,35.1055,38.00549769,49.8133333333333,66,14,35,37.899998,0,77,26,35.5,38.399998,73,0.0266666666666667,0,0,0,0
"2025-07-07 03:15:00",300,1,70,18,35.05,37.949997,50,70.2866666666667,17.78,35.086,37.98599768,51.39,68,16,35,37.899998,36,75,20,35.35,38.249996,73,0,0,0,0,0
"2025-07-07 03:20:00",300,1,77,19,35,37.899998,49.5,76.6508474576271,18.7266666666667,35.0485,37.94849798,47.62,69,16,35,37.899998,0,84,22,35.3,38.199997,86,0.0166666666666667,0,0,0,0
"2025-07-07 03:25:00",161,0.536666666666667,78,19,35,37.899998,46,77.5588235294118,19.2516556291391,34.8695652173913,37.7695632173913,39.0869565217391,72,15,33,35.899998,0,82,24,35,37.899998,83,0.366459627329193,0.062111801242236,0,0,0
"2025-07-07 03:30:00",0,0,NA,NA,NA,NA,NA,NA,NA,NA,NA,NA,NA,NA,NA,NA,NA,NA,NA,NA,NA,NA,NA,NA,NA,NA,NA
"2025-07-07 03:35:00",0,0,NA,NA,NA,NA,NA,NA,NA,NA,NA,NA,NA,NA,NA,NA,NA,NA,NA,NA,NA,NA,NA,NA,NA,NA,NA
"2025-07-07 03:40:00",0,0,NA,NA,NA,NA,NA,NA,NA,NA,NA,NA,NA,NA,NA,NA,NA,NA,NA,NA,NA,NA,NA,NA,NA,NA,NA
"2025-07-07 03:45:00",0,0,NA,NA,NA,NA,NA,NA,NA,NA,NA,NA,NA,NA,NA,NA,NA,NA,NA,NA,NA,NA,NA,NA,NA,NA,NA
"2025-07-07 03:50:00",0,0,NA,NA,NA,NA,NA,NA,NA,NA,NA,NA,NA,NA,NA,NA,NA,NA,NA,NA,NA,NA,NA,NA,NA,NA,NA
"2025-07-07 03:55:00",0,0,NA,NA,NA,NA,NA,NA,NA,NA,NA,NA,NA,NA,NA,NA,NA,NA,NA,NA,NA,NA,NA,NA,NA,NA,NA
"2025-07-07 04:00:00",0,0,NA,NA,NA,NA,NA,NA,NA,NA,NA,NA,NA,NA,NA,NA,NA,NA,NA,NA,NA,NA,NA,NA,NA,NA,NA
"2025-07-07 04:05:00",0,0,NA,NA,NA,NA,NA,NA,NA,NA,NA,NA,NA,NA,NA,NA,NA,NA,NA,NA,NA,NA,NA,NA,NA,NA,NA
"2025-07-07 04:10:00",0,0,NA,NA,NA,NA,NA,NA,NA,NA,NA,NA,NA,NA,NA,NA,NA,NA,NA,NA,NA,NA,NA,NA,NA,NA,NA
"2025-07-07 04:15:00",0,0,NA,NA,NA,NA,NA,NA,NA,NA,NA,NA,NA,NA,NA,NA,NA,NA,NA,NA,NA,NA,NA,NA,NA,NA,NA
"2025-07-07 04:20:00",0,0,NA,NA,NA,NA,NA,NA,NA,NA,NA,NA,NA,NA,NA,NA,NA,NA,NA,NA,NA,NA,NA,NA,NA,NA,NA
"2025-07-07 04:25:00",0,0,NA,NA,NA,NA,NA,NA,NA,NA,NA,NA,NA,NA,NA,NA,NA,NA,NA,NA,NA,NA,NA,NA,NA,NA,NA
"2025-07-07 04:30:00",0,0,NA,NA,NA,NA,NA,NA,NA,NA,NA,NA,NA,NA,NA,NA,NA,NA,NA,NA,NA,NA,NA,NA,NA,NA,NA
"2025-07-07 04:35:00",0,0,NA,NA,NA,NA,NA,NA,NA,NA,NA,NA,NA,NA,NA,NA,NA,NA,NA,NA,NA,NA,NA,NA,NA,NA,NA
"2025-07-07 04:40:00",0,0,NA,NA,NA,NA,NA,NA,NA,NA,NA,NA,NA,NA,NA,NA,NA,NA,NA,NA,NA,NA,NA,NA,NA,NA,NA
"2025-07-07 04:45:00",0,0,NA,NA,NA,NA,NA,NA,NA,NA,NA,NA,NA,NA,NA,NA,NA,NA,NA,NA,NA,NA,NA,NA,NA,NA,NA
"2025-07-07 04:50:00",89,0.413953488372093,160,NA,26,28.899998,0,152.75,NA,26.1348314606742,29.0348294606742,49.0224719101124,96,NA,26,28.899998,0,186,NA,26.6,29.499998,262,0.775280898876405,1,0,0,0
