"datetime","rows_in_bin","overall_completeness","hr_median","rr_median","temperature_median","temperature_calib_median","rmssd_median","hr_mean","rr_mean","temperature_mean","temperature_calib_mean","rmssd_mean","hr_missing_propn","rr_missing_propn","temperature_missing_propn","temperature_calib_missing_propn","rmssd_missing_propn"
"2025-07-13 10:40:00",24,1,53,NA,32,NA,0,107.615384615385,NA,32,NA,362.041666666667,0.458333333333333,1,0,1,0
"2025-07-13 10:45:00",300,1,60,16,33,NA,70.5,61.2296819787986,15.6185567010309,33.2991666666667,NA,136.023333333333,0.0566666666666667,0.03,0,1,0
"2025-07-13 10:50:00",300,1,63,18,34,37.25,41,63.1433447098976,18.7966666666667,34.1558333333333,37.4244323295455,42.11,0.0233333333333333,0,0,0.706666666666667,0
"2025-07-13 10:55:00",300,1,65,20,35,37.9,36.5,65.6237288135593,19.5933333333333,35,37.9,44.77,0.0166666666666667,0,0,0,0
"2025-07-13 11:00:00",300,1,74,13,35,37.9,56,72.5073170731707,12.7566666666667,35,37.9,59.8666666666667,0.316666666666667,0,0,0,0
"2025-07-13 11:05:00",300,1,71,15.5,35,37.9,74,71.7125984251968,15.4266666666667,35,37.9,78.4766666666667,0.153333333333333,0,0,0,0
"2025-07-13 11:10:00",300,1,52,17,35,37.9,83.5,52.6164383561644,16.88,35,37.9,93.31,0.0266666666666667,0,0,0,0
"2025-07-13 11:15:00",300,1,68,17,35,37.9,62,68.1442307692308,15.3666666666667,35,37.9,65.87,0.306666666666667,0,0,0,0
"2025-07-13 11:20:00",300,1,67,10,35.3,38.2,34.5,66.8289473684211,12.0066666666667,35.3491666666667,38.2491674333333,41.35,0.493333333333333,0,0,0,0
"2025-07-13 11:25:00",300,1,73,17,35.75,38.65,81,72.8576271186441,18.02,35.7491666666667,38.64916775,70.3033333333333,0.0166666666666667,0,0,0,0
"2025-07-13 11:30:00",300,1,75.5,18,36,38.9,73,75.5766666666667,18.21,36,38.9,68.93,0,0,0,0,0
"2025-07-13 11:35:00",300,1,72,18,36,38.9,29,73.4244897959184,16.9566666666667,36,38.9,38.0266666666667,0.183333333333333,0,0,0,0
"2025-07-13 11:40:00",300,1,70,18,36,38.9,36,70.43,18.37,36,38.9,35.9033333333333,0,0,0,0,0
"2025-07-13 11:45:00",300,1,70,19,36,38.9,31,71.1103202846975,19.0466666666667,36,38.9,35.1966666666667,0.0633333333333333,0,0,0,0
"2025-07-13 11:50:00",300,1,70.5,19,36,38.9,30,71.0201342281879,18.7033333333333,36,38.9,28.05,0.00666666666666667,0,0,0,0
"2025-07-13 11:55:00",300,1,69,18,36,38.9,36.5,69.4545454545455,18.42,36,38.9,34.95,0.01,0,0,0,0
"2025-07-13 12:00:00",300,1,72,17,36,38.9,42.5,72.675,17.2066666666667,36,38.9,39.0966666666667,0.0666666666666667,0,0,0,0
"2025-07-13 12:05:00",300,1,75,16,36,38.9,32,75.0428015564202,15.8433333333333,36,38.9,26.7,0.143333333333333,0,0,0,0
"2025-07-13 12:10:00",300,1,70,17,36,38.9,41,70.5516014234875,17.0633333333333,36,38.9,51.63,0.0633333333333333,0,0,0,0
"2025-07-13 12:15:00",300,1,74,16,36,38.9,31,74.2952755905512,16.5533333333333,36,38.9,45.03,0.153333333333333,0,0,0,0
"2025-07-13 12:20:00",300,1,70,17,36,38.9,33,70.2440677966102,17.3966666666667,36,38.9,39.4,0.0166666666666667,0,0,0,0
"2025-07-13 12:25:00",300,1,72,17,36,38.9,30,72.4896551724138,17.3233333333333,36,38.9,37.3666666666667,0.0333333333333333,0,0,0,0
"2025-07-13 12:30:00",300,1,71,17,36,38.9,41,71.741935483871,16.77,36,38.9,46.44,0.07,0,0,0,0
"2025-07-13 12:35:00",300,1,72,16,36,38.9,36,72.0150943396226,16.09,36,38.9,35.9066666666667,0.116666666666667,0,0,0,0
"2025-07-13 12:40:00",300,1,73,17,36,38.9,38,73.7678571428571,16.82,36,38.9,41.41,0.0666666666666667,0,0,0,0
"2025-07-13 12:45:00",300,1,82,11,36,38.9,0,81.2276422764228,11.4866666666667,36,38.9,39.8466666666667,0.59,0,0,0,0
"2025-07-13 12:50:00",300,1,80,12,36,38.9,0,79.5942028985507,11.2766666666667,36,38.9,13.8833333333333,0.77,0,0,0,0
"2025-07-13 12:55:00",300,1,77,15,36,38.9,0,77.8415841584158,14.2533333333333,36,38.9,27.98,0.663333333333333,0,0,0,0
"2025-07-13 13:00:00",300,1,81,15,36,38.9,0,81.64,15.8366666666667,36,38.9,10.2066666666667,0.833333333333333,0,0,0,0
"2025-07-13 13:05:00",300,1,83,13,36,38.9,50,83.71875,13.3066666666667,36,38.9,44.5366666666667,0.466666666666667,0,0,0,0
"2025-07-13 13:10:00",300,1,82,15,36,38.9,30,82.9171597633136,15.3466666666667,36,38.9,46.0533333333333,0.436666666666667,0,0,0,0
"2025-07-13 13:15:00",300,1,88,11,36,38.9,0,98.9107142857143,12.11,36,38.9,47.1633333333333,0.626666666666667,0,0,0,0
"2025-07-13 13:20:00",300,1,78,20,36,38.9,31,78.4285714285714,18.23,36,38.9,48.9633333333333,0.136666666666667,0,0,0,0
"2025-07-13 13:25:00",300,1,77,21,36,38.9,26,76.9263157894737,20.33,36,38.9,24.5733333333333,0.05,0,0,0,0
"2025-07-13 13:30:00",300,1,74,19,36,38.9,35,73.5766666666667,18.37,36,38.9,35.2433333333333,0,0,0,0,0
"2025-07-13 13:35:00",300,1,76,21,36,38.9,29,75.56,20.55,36,38.9,30.0833333333333,0,0,0,0,0
"2025-07-13 13:40:00",300,1,74,21,36,38.9,34,74.1833333333333,20.7166666666667,36,38.9,32.3166666666667,0,0,0,0,0
"2025-07-13 13:45:00",300,1,72,21,36,38.9,32,72.6866666666667,20.47,36,38.9,33.3866666666667,0,0,0,0,0
"2025-07-13 13:50:00",300,1,73,20,36,38.9,34.5,73.05,20.05,36,38.9,38.9966666666667,0,0,0,0,0
"2025-07-13 13:55:00",300,1,71,20,36,38.9,36,71.5233333333333,20.0566666666667,36,38.9,41.9,0,0,0,0,0
"2025-07-13 14:00:00",300,1,69,19,36,38.9,30,69.19,18.92,36,38.9,34.7433333333333,0,0,0,0,0
"2025-07-13 14:05:00",300,1,67,20,36,38.9,31,68.0433333333333,20.0733333333333,36,38.9,32.32,0,0,0,0,0
"2025-07-13 14:10:00",300,1,68,20,36,38.9,37,68.3082191780822,19.4466666666667,36,38.9,37.5166666666667,0.0266666666666667,0,0,0,0
"2025-07-13 14:15:00",300,1,67,21,36,38.9,33,67.2833333333333,21.15,36,38.9,35.48,0,0,0,0,0
"2025-07-13 14:20:00",300,1,68,19,36,38.9,32,67.8561643835616,18.4333333333333,36,38.9,40.4466666666667,0.0266666666666667,0,0,0,0
"2025-07-13 14:25:00",300,1,67,19,36,38.9,31,67.3733333333333,19.3233333333333,36,38.9,30.7566666666667,0,0,0,0,0
"2025-07-13 14:30:00",300,1,67,20,36,38.9,43,66.79,20.0933333333333,36,38.9,42.77,0,0,0,0,0
"2025-07-13 14:35:00",300,1,66,19.5,36,38.9,36,66.35,19.3466666666667,36,38.9,35.53,0,0,0,0,0
"2025-07-13 14:40:00",300,1,68,20,36,38.9,31,68.3366666666667,20.07,36,38.9,31.1366666666667,0,0,0,0,0
"2025-07-13 14:45:00",300,1,65,19,36,38.9,38,65.5666666666667,19.23,36,38.9,36.04,0,0,0,0,0
"2025-07-13 14:50:00",300,1,66,19,36,38.9,37,65.93,19.3833333333333,36,38.9,40.5433333333333,0,0,0,0,0
"2025-07-13 14:55:00",300,1,65,20,36,38.9,45,65,20.0166666666667,36,38.9,50.0166666666667,0,0,0,0,0
"2025-07-13 15:00:00",300,1,65,20,36,38.9,42,65.0169491525424,19.8633333333333,36,38.9,40.78,0.0166666666666667,0,0,0,0
"2025-07-13 15:05:00",300,1,63,19,36,38.9,41,63.5633333333333,19.7266666666667,35.9975,38.8975001,41.2633333333333,0,0,0,0,0
"2025-07-13 15:10:00",300,1,63,19,36,38.9,49,63.6542372881356,19.3933333333333,36,38.9,58.49,0.0166666666666667,0,0,0,0
"2025-07-13 15:15:00",300,1,62,19,36,38.9,39,62.0847457627119,18.7666666666667,36,38.9,40.29,0.0166666666666667,0,0,0,0
"2025-07-13 15:20:00",300,1,62,19,36,38.9,45,62.2474576271186,18.3833333333333,36,38.9,44.7466666666667,0.0166666666666667,0,0,0,0
"2025-07-13 15:25:00",300,1,61,17,36,38.9,48.5,61.2804054054054,17.8233333333333,36,38.9,60.7933333333333,0.0133333333333333,0,0,0,0
"2025-07-13 15:30:00",300,1,70,13,36,38.9,51,72.3054187192118,13.76,36,38.9,61.9833333333333,0.323333333333333,0,0,0,0
"2025-07-13 15:35:00",300,1,74,14,35.3,38.2,48.5,74.1131221719457,14.31,35.3416666666667,38.2416674166667,62.2066666666667,0.263333333333333,0,0,0,0
"2025-07-13 15:40:00",300,1,65,17,35,37.9,50,65.06463878327,16.79,35,37.9,54.85,0.123333333333333,0,0,0,0
"2025-07-13 15:45:00",300,1,59,17,35,37.9,46,58.6733333333333,17.4166666666667,35,37.9,43.2066666666667,0,0,0,0,0
"2025-07-13 15:50:00",300,1,56,16,35,37.9,86,58.1354166666667,16.6633333333333,35,37.9,87.4766666666667,0.04,0,0,0,0
"2025-07-13 15:55:00",300,1,61,16,35.1,38,49,61.4753521126761,16.0033333333333,35.1783333333333,38.0783343,48.38,0.0533333333333333,0,0,0,0
"2025-07-13 16:00:00",300,1,60,16,35.25,38.150001,37.5,61.0271186440678,15.7,35.2533333333333,38.1533335666667,40.5333333333333,0.0166666666666667,0,0,0,0
"2025-07-13 16:05:00",300,1,61,16,36,38.9,27,60.9151291512915,16.1233333333333,35.8591666666667,38.7591673666667,38.5133333333333,0.0966666666666667,0,0,0,0
"2025-07-13 16:10:00",300,1,60,18,36,38.9,56,60.898916967509,17.16,36,38.9,68.3433333333333,0.0766666666666667,0,0,0,0
"2025-07-13 16:15:00",300,1,63,15,36,38.9,65.5,64.0744680851064,14.8866666666667,36,38.9,79.13,0.06,0,0,0,0
"2025-07-13 16:20:00",300,1,66,14,36,38.9,54.5,67.3652694610778,12.61,36,38.9,48.1566666666667,0.443333333333333,0,0,0,0
"2025-07-13 16:25:00",300,1,64,17,36,38.9,58,64.846975088968,16.71,36,38.9,60.7933333333333,0.0633333333333333,0,0,0,0
"2025-07-13 16:30:00",300,1,60,17,36,38.9,28,60.0666666666667,17.3,36,38.9,36.4933333333333,0,0,0,0,0
"2025-07-13 16:35:00",300,1,60,16,36,38.9,30,60.7766323024055,16.03,36,38.9,47.41,0.03,0,0,0,0
"2025-07-13 16:40:00",300,1,59,16,36,38.9,61,60.1766666666667,15.83,36,38.9,55.7766666666667,0,0,0,0,0
"2025-07-13 16:45:00",300,1,59,15,36,38.9,66,59.33,15.2366666666667,36,38.9,79.3233333333333,0,0,0,0,0
"2025-07-13 16:50:00",300,1,59,15,36,38.9,71,59.2633333333333,15.6466666666667,36,38.9,72.2466666666667,0,0,0,0,0
"2025-07-13 16:55:00",300,1,59,14,36,38.9,64,59.7466666666667,14.5,36,38.9,65.0166666666667,0,0,0,0,0
"2025-07-13 17:00:00",300,1,62,15,36,38.9,51,62.1233333333333,14.6233333333333,36,38.9,50.9566666666667,0,0,0,0,0
"2025-07-13 17:05:00",300,1,62,15,36,38.9,39,61.8133333333333,14.8266666666667,35.9675,38.8675004666667,40.23,0,0,0,0,0
"2025-07-13 17:10:00",300,1,63,14,35.5,38.4,35,62.8135593220339,14.1266666666667,35.5033333333333,38.4033341666667,38.1866666666667,0.0166666666666667,0,0,0,0
"2025-07-13 17:15:00",300,1,64,15,35.4,38.300003,35,64.8633333333333,14.9833333333333,35.4908333333333,38.3908342333333,35.0166666666667,0,0,0,0,0
"2025-07-13 17:20:00",300,1,64,16,36,38.9,31,64.4489795918367,15.17,35.9683333333333,38.8683339333333,36.9966666666667,0.02,0,0,0,0
"2025-07-13 17:25:00",300,1,65,15,36,38.9,33,65.7876712328767,14.8333333333333,35.9925,38.8925003,45.4,0.0266666666666667,0,0,0,0
"2025-07-13 17:30:00",300,1,65,15,36,38.9,22,65.0133333333333,14.99,36,38.9,24.2233333333333,0,0,0,0,0
"2025-07-13 17:35:00",300,1,66,15,36,38.9,18,66.0866666666667,14.8766666666667,36,38.9,20.0933333333333,0,0,0,0,0
"2025-07-13 17:40:00",300,1,66,15,36,38.9,21,66.4633333333333,15.7866666666667,36,38.9,20.4733333333333,0,0,0,0,0
"2025-07-13 17:45:00",300,1,67,15,36,38.9,22,66.87,15.77,36,38.9,22.8433333333333,0,0,0,0,0
"2025-07-13 17:50:00",300,1,68,15,36,38.9,17,67.8266666666667,15.69,36,38.9,17.2366666666667,0,0,0,0,0
"2025-07-13 17:55:00",300,1,69,16,36.05,38.95,21.5,69.6866666666667,16.14,36.1591666666667,39.0591669833333,24.85,0,0,0,0,0
"2025-07-13 18:00:00",300,1,69,15,36.1,39,26,70.0413793103448,15.1766666666667,36.2183333333333,39.1183341666667,39.4633333333333,0.0333333333333333,0,0,0,0
"2025-07-13 18:05:00",300,1,72,17,36,38.9,24,71.61,16.9733333333333,36.07,38.97000025,27.9433333333333,0,0,0,0,0
"2025-07-13 18:10:00",300,1,73,17,37,39.9,18,73.5633333333333,17.9666666666667,36.9458333333333,39.8458339833333,19.86,0,0,0,0,0
"2025-07-13 18:15:00",300,1,71,15,37,39.9,37,71.2687074829932,15.6866666666667,37,39.9,33.11,0.02,0,0,0,0
"2025-07-13 18:20:00",300,1,70,16,37,39.9,27.5,70.2766666666667,16.2233333333333,37,39.9,28.64,0,0,0,0,0
"2025-07-13 18:25:00",300,1,70,15,37,39.9,20,69.7733333333333,15.3733333333333,37,39.9,20.6866666666667,0,0,0,0,0
"2025-07-13 18:30:00",300,1,69,16,37,39.9,27,69.3766666666667,15.81,37,39.9,29.2833333333333,0,0,0,0,0
"2025-07-13 18:35:00",300,1,69,16,37,39.9,19,69.3233333333333,16.5133333333333,37,39.9,24.66,0,0,0,0,0
"2025-07-13 18:40:00",300,1,69,16,37,39.9,16,68.8366666666667,15.6866666666667,37,39.9,16.42,0,0,0,0,0
"2025-07-13 18:45:00",300,1,70,15,37,39.9,32,72.0918727915194,15.81,36.9983333333333,39.8983334,49.1866666666667,0.0566666666666667,0,0,0,0
"2025-07-13 18:50:00",300,1,71,18,36,38.9,18,70.9033333333333,17.8133333333333,36.0633333333333,38.9633334666667,21.7333333333333,0,0,0,0,0
"2025-07-13 18:55:00",300,1,71,17,36,38.9,18,70.46,17.4366666666667,36,38.9,22.6633333333333,0,0,0,0,0
"2025-07-13 19:00:00",300,1,71,19,36,38.9,18,70.59,18.9433333333333,36,38.9,19.1733333333333,0,0,0,0,0
"2025-07-13 19:05:00",300,1,70,16,36,38.9,21,69.7133333333333,16.5033333333333,36,38.9,23.86,0,0,0,0,0
"2025-07-13 19:10:00",300,1,70,17,36,38.9,20,69.86,16.84,36.0025,38.9025,21.17,0,0,0,0,0
"2025-07-13 19:15:00",300,1,70,16,36.1,39,22,69.7933333333333,16.0666666666667,36.0875,38.98750055,23.0966666666667,0,0,0,0,0
"2025-07-13 19:20:00",300,1,69,17,36,38.9,25,69.8771929824561,18.44,36.0641666666667,38.9641669333333,42.23,0.05,0,0,0,0
"2025-07-13 19:25:00",300,1,66,17,36.45,39.350002,29,66.6266666666667,17.1933333333333,36.4891666666667,39.3891676,30.3266666666667,0,0,0,0,0
"2025-07-13 19:30:00",300,1,67,15,37,39.9,23,66.5033333333333,15.4666666666667,36.9975,39.8975001,25.5233333333333,0,0,0,0,0
"2025-07-13 19:35:00",300,1,67,16,37,39.9,22,67.9965635738832,15.71,37,39.9,31.7266666666667,0.03,0,0,0,0
"2025-07-13 19:40:00",300,1,69,16,37,39.9,25,69.2233333333333,16.5766666666667,36.7091666666667,39.6091670666667,26.6766666666667,0,0,0,0,0
"2025-07-13 19:45:00",300,1,69,16,36,38.9,22,68.5766666666667,16.81,36,38.9,24.6566666666667,0,0,0,0,0
"2025-07-13 19:50:00",300,1,68,17,36,38.9,20,68.2233333333333,17.6333333333333,36,38.9,21.81,0,0,0,0,0
"2025-07-13 19:55:00",300,1,68,16,36,38.9,25,68.2245614035088,16.2033333333333,36,38.9,43.9266666666667,0.05,0,0,0,0
"2025-07-13 20:00:00",300,1,65,16,36,38.9,26,65.16,17.1266666666667,36,38.9,29.9566666666667,0,0,0,0,0
"2025-07-13 20:05:00",300,1,68,18,36,38.9,29,69.4433333333333,18.79,36,38.9,40.7333333333333,0,0,0,0,0
"2025-07-13 20:10:00",300,1,69,16,36,38.9,26,72.1301369863014,16.9866666666667,36,38.9,55.09,0.0266666666666667,0,0,0,0
"2025-07-13 20:15:00",300,1,67,17,36,38.9,31,67.528813559322,16.75,36.0175,38.9175000666667,30.2766666666667,0.0166666666666667,0,0,0,0
"2025-07-13 20:20:00",300,1,67,15,37,39.9,32,68.360824742268,15.28,36.9858333333333,39.8858333666667,44.51,0.03,0,0,0,0
"2025-07-13 20:25:00",300,1,65,15,36,38.9,30,65.2533333333333,15.0966666666667,36.0416666666667,38.9416667666667,30.4,0,0,0,0,0
"2025-07-13 20:30:00",300,1,64,15,36,38.9,26,64.1466666666667,15.2,35.9875,38.8875,27.2633333333333,0,0,0,0,0
"2025-07-13 20:35:00",300,1,64,15,35.2,38.100002,23,64.2733333333333,15.1833333333333,35.2966666666667,38.1966674166667,24.5333333333333,0,0,0,0,0
"2025-07-13 20:40:00",300,1,65,15,35,37.9,28,64.55,15.6466666666667,35,37.9,28.7766666666667,0,0,0,0,0
"2025-07-13 20:45:00",300,1,65,15,35,37.9,24,64.9133333333333,15.2866666666667,35,37.9,25.01,0,0,0,0,0
"2025-07-13 20:50:00",300,1,65,15,35,37.9,27,65.0779661016949,15.3733333333333,35,37.9,25.6833333333333,0.0166666666666667,0,0,0,0
"2025-07-13 20:55:00",300,1,64,15,35,37.9,31,64.2833333333333,14.77,35,37.9,31.6066666666667,0,0,0,0,0
"2025-07-13 21:00:00",300,1,64,15,35,37.9,51.5,65.4390243902439,14.7133333333333,35,37.9,52.3533333333333,0.0433333333333333,0,0,0,0
"2025-07-13 21:05:00",300,1,64,14,35,37.9,36,64.8397212543554,14.3866666666667,35,37.9,45.88,0.0433333333333333,0,0,0,0
"2025-07-13 21:10:00",300,1,64,15,35,37.9,27,63.91,14.7933333333333,35,37.9,31.4333333333333,0,0,0,0,0
"2025-07-13 21:15:00",300,1,64,15,35,37.9,29,63.5066666666667,15.1066666666667,35,37.9,28.39,0,0,0,0,0
"2025-07-13 21:20:00",300,1,64,15,35,37.9,33,63.68,15.3833333333333,35.02,37.9200003,37.74,0,0,0,0,0
"2025-07-13 21:25:00",300,1,64,15,35.05,37.95,28,64.4,14.95,35.0775,37.97750065,28.51,0,0,0,0,0
"2025-07-13 21:30:00",300,1,65,15,35.25,38.15,27,65.2466666666667,15.0366666666667,35.2958333333333,38.1958345833333,40.7866666666667,0,0,0,0,0
"2025-07-13 21:35:00",300,1,65,15,35.65,38.550003,27,65.09,15.1066666666667,35.6191666666667,38.5191679666667,28.4433333333333,0,0,0,0,0
"2025-07-13 21:40:00",300,1,68,16,35.6,38.5,23,67.53,16.0566666666667,35.5666666666667,38.4666676166667,24.1833333333333,0,0,0,0,0
"2025-07-13 21:45:00",300,1,70,16,35.5,38.4,21,70.78,15.8733333333333,35.4591666666667,38.3591678166667,41.17,0,0,0,0,0
"2025-07-13 21:50:00",300,1,69,16,35.2,38.100002,44,70.0533333333333,16.3133333333333,35.1983333333333,38.0983343333333,42.42,0,0,0,0,0
"2025-07-13 21:55:00",300,1,66,16,35.05,37.95,37.5,67.3366666666667,16.4933333333333,35.065,37.96500025,57.6566666666667,0,0,0,0,0
"2025-07-13 22:00:00",300,1,66,16,35.05,37.95,51,66.17,15.6166666666667,35.0733333333333,37.9733340833333,53.2966666666667,0,0,0,0,0
"2025-07-13 22:05:00",300,1,66,15,35.15,38.050003,35.5,66.4433333333333,15.5533333333333,35.1975,38.0975012,58.5833333333333,0,0,0,0,0
"2025-07-13 22:10:00",300,1,65,16,35.35,38.25,30,65.8066666666667,17.3633333333333,35.3008333333333,38.2008341833333,35.6233333333333,0,0,0,0,0
"2025-07-13 22:15:00",300,1,68,18,35.95,38.850002,22.5,68.2951388888889,18.3033333333333,35.795,38.69500085,35.91,0.04,0,0,0,0
"2025-07-13 22:20:00",300,1,66,16,36,38.9,27.5,65.61,16.7566666666667,36,38.9,29.15,0,0,0,0,0
"2025-07-13 22:25:00",300,1,80,16,36,38.9,45,80.662100456621,16.4066666666667,36,38.9,49.8533333333333,0.27,0,0,0,0
"2025-07-13 22:30:00",300,1,84,13,35.85,38.75,38,83.3563829787234,13.1533333333333,35.6058333333333,38.5058340333333,34.14,0.373333333333333,0,0,0,0
"2025-07-13 22:35:00",300,1,72,14,35,37.9,24,73.1857923497268,13.23,35.0033333333333,37.9033333333333,38.1333333333333,0.39,0,0,0,0
"2025-07-13 22:40:00",300,1,66,17,35,37.9,70.5,67.8586956521739,16.6266666666667,35,37.9,69.8566666666667,0.08,0,0,0,0
"2025-07-13 22:45:00",300,1,66,17,35,37.9,58,66.5857142857143,17.1033333333333,35,37.9,59.4733333333333,0.0666666666666667,0,0,0,0
"2025-07-13 22:50:00",300,1,71,17,35,37.9,34.5,71.5413793103448,17.1033333333333,35,37.9,46.9966666666667,0.0333333333333333,0,0,0,0
"2025-07-13 22:55:00",300,1,75,17,35,37.9,39,75.406779661017,16.7866666666667,35,37.9,37.7133333333333,0.0166666666666667,0,0,0,0
"2025-07-13 23:00:00",300,1,77,17,35,37.9,33,77.5709342560554,16.7133333333333,35,37.9,31.66,0.0366666666666667,0,0,0,0
"2025-07-13 23:05:00",300,1,80,15,35,37.9,42,79.8274336283186,14.3,35,37.9,39.6166666666667,0.246666666666667,0,0,0,0
"2025-07-13 23:10:00",300,1,84,15,35,37.9,29,84.5432692307692,14.4566666666667,35,37.9,30.24,0.306666666666667,0,0,0,0
"2025-07-13 23:15:00",300,1,80.5,17,35,37.9,37,80.6489361702128,16.38,35,37.9,36.19,0.06,0,0,0,0
"2025-07-13 23:20:00",300,1,93,17,35.15,38.050003,0,92.0307692307692,15.94,35.4158333333333,38.3158337333333,21.3066666666667,0.566666666666667,0,0,0,0
"2025-07-13 23:25:00",300,1,94,13,36,38.9,0,93.4077669902913,12.5066666666667,36,38.9,23.0166666666667,0.656666666666667,0,0,0,0
"2025-07-13 23:30:00",300,1,88,13,35,37.9,48,88.6949152542373,13.3433333333333,34.9058333333333,37.8058334833333,38.9933333333333,0.41,0,0,0,0
"2025-07-13 23:35:00",300,1,85,15,34,36.9,37,85.4354066985646,15.6166666666667,33.865,36.7650001,37.3533333333333,0.303333333333333,0,0,0,0
"2025-07-13 23:40:00",300,1,84,15,33,35.9,24,83.9473684210526,15.52,33.1775,36.07750015,36.04,0.303333333333333,0,0,0,0
"2025-07-13 23:45:00",300,1,89,17,34,36.9,73,90.6890756302521,17.0066666666667,34,36.9,55.06,0.206666666666667,0,0,0,0
"2025-07-13 23:50:00",300,1,107,16,33,35.9,0,110.533333333333,16.17,33.2808333333333,36.1808334333333,13.4166666666667,0.8,0,0,0,0
"2025-07-13 23:55:00",300,1,102.5,19,32,34.9,0,108.65,19.18,32,34.9,2.58,0.933333333333333,0,0,0,0
"2025-07-14 00:00:00",300,1,143,18,32,34.9,0,143.190476190476,18.1466666666667,32,34.9,4.17333333333333,0.93,0,0,0,0
"2025-07-14 00:05:00",300,1,123,14,33,35.9,0,121.93893129771,17.03,32.6433333333333,35.5433334833333,22.37,0.563333333333333,0,0,0,0
"2025-07-14 00:10:00",300,1,105,11,34,36.9,0,107.230769230769,11.5533333333333,33.8916666666667,36.7916671666667,21.05,0.523333333333333,0,0,0,0
"2025-07-14 00:15:00",300,1,91,15,35,37.9,26.5,91.9636363636364,14.6066666666667,35,37.9,27.1233333333333,0.266666666666667,0,0,0,0
"2025-07-14 00:20:00",300,1,92,17,35,37.9,20.5,91.9757281553398,16.8833333333333,35,37.9,23.35,0.313333333333333,0,0,0,0
"2025-07-14 00:25:00",300,1,78,19,35,37.9,29,80.0892857142857,18.6666666666667,35,37.9,30.3533333333333,0.0666666666666667,0,0,0,0
"2025-07-14 00:30:00",300,1,80.5,16,35.05,37.95,38,81.2286821705426,16.06,35.1448333333333,38.0448337833333,44.17,0.14,0,0,0,0
"2025-07-14 00:35:00",300,1,79,16,35.95,38.850002,33,79.8551724137931,16.0266666666667,35.881,38.7810007,32.53,0.0333333333333333,0,0,0,0
"2025-07-14 00:40:00",300,1,93,14,36,38.9,35,92.5418502202643,14.7533333333333,36,38.9,37.06,0.243333333333333,0,0,0,0
"2025-07-14 00:45:00",300,1,86,12,35.45,38.350002,53,90.34375,11.92,35.5125,38.4125012666667,47.8866666666667,0.36,0,0,0,0
"2025-07-14 00:50:00",300,1,87,13,35.3,38.2,41,88.6237113402062,13.2733333333333,35.3215,38.2215007833333,34.27,0.353333333333333,0,0,0,0
"2025-07-14 00:55:00",300,1,104,21,35,37.9,0,99.4545454545455,19.5,35.002,37.902,30.1033333333333,0.56,0,0,0,0
"2025-07-14 01:00:00",300,1,82,13,35,37.9,51,82.890625,13.8866666666667,35,37.9,45.36,0.146666666666667,0,0,0,0
"2025-07-14 01:05:00",300,1,84,16,35,37.9,28,84.7233333333333,16.6366666666667,35.0065,37.9065,29.3833333333333,0,0,0,0,0
"2025-07-14 01:10:00",300,1,82,14,35.05,37.95,41,83.6587301587302,14.24,35.0515,37.9515,41.3266666666667,0.16,0,0,0,0
"2025-07-14 01:15:00",300,1,79,14,35.325,38.225,37,79.64,14,35.317,38.21700095,42.0833333333333,0,0,0,0,0
"2025-07-14 01:20:00",300,1,80,10,35.225,38.125001,29,80.4659090909091,10.7866666666667,35.2175,38.1175008,21.9666666666667,0.413333333333333,0,0,0,0
"2025-07-14 01:25:00",300,1,77,18,35.25,38.15,35,76.9932203389831,16.5933333333333,35.2495,38.14950164,36.19,0.0166666666666667,0,0,0,0
"2025-07-14 01:30:00",300,1,78,15,35.45,38.350002,43,77.6630434782609,15.3366666666667,35.4315,38.33150057,39.4866666666667,0.08,0,0,0,0
"2025-07-14 01:35:00",300,1,77,11,35.25,38.15,39,77.6027397260274,11.72,35.264,38.16400094,44.6766666666667,0.27,0,0,0,0
"2025-07-14 01:40:00",300,1,81,11,35.5,38.4,26.5,85.6686390532544,11.6433333333333,35.4048333333333,38.3048346333333,29.7766666666667,0.436666666666667,0,0,0,0
"2025-07-14 01:45:00",300,1,75,13,35,37.9,62.5,77.2391304347826,13.97,35.0011666666667,37.9011666666667,59.5,0.08,0,0,0,0
"2025-07-14 01:50:00",300,1,68,16,35,37.9,41.5,68.6827586206897,16.3966666666667,35,37.9,41.5933333333333,0.0333333333333333,0,0,0,0
"2025-07-14 01:55:00",300,1,65,16,35,37.9,43,65.3627118644068,15.7166666666667,35.01,37.91,44.18,0.0166666666666667,0,0,0,0
"2025-07-14 02:00:00",300,1,65,15,35,37.9,46,66.3784722222222,14.9366666666667,35.035,37.935,53.8233333333333,0.04,0,0,0,0
"2025-07-14 02:05:00",300,1,66,15,35.15,38.050003,49,65.6983050847458,15.0866666666667,35.1901666666667,38.0901675666667,46.1366666666667,0.0166666666666667,0,0,0,0
"2025-07-14 02:10:00",300,1,67,14,35.575,38.475,58,67.3667820069204,14.21,35.5368333333333,38.4368344866667,53.57,0.0366666666666667,0,0,0,0
"2025-07-14 02:15:00",300,1,69,14,35.725,38.625001,40,68.7789473684211,13.9,35.7178333333333,38.61783401,39.4466666666667,0.05,0,0,0,0
"2025-07-14 02:20:00",300,1,67,13,35.8,38.7,50,67.4148936170213,13.4833333333333,35.779,38.67900097,53.85,0.06,0,0,0,0
"2025-07-14 02:25:00",300,1,68,14,35.9,38.800003,36,68.5017793594306,13.88,35.869,38.7690015033333,36.7266666666667,0.0633333333333333,0,0,0,0
"2025-07-14 02:30:00",300,1,69,14,36,38.9,36,70.8588235294118,14.4466666666667,35.9988333333333,38.89883338,45.4466666666667,0.15,0,0,0,0
"2025-07-14 02:35:00",300,1,79,16,35.925,38.8250025,51,85.0439024390244,16.23,35.8036666666667,38.70366767,39.6566666666667,0.316666666666667,0,0,0,0
"2025-07-14 02:40:00",300,1,72,14,36,38.9,54,72.9347826086957,14.0666666666667,35.9788333333333,38.87883358,59.3366666666667,0.233333333333333,0,0,0,0
"2025-07-14 02:45:00",300,1,72,16,36,38.9,67,74.4095563139932,15.6066666666667,36,38.9,81.9,0.0233333333333333,0,0,0,0
"2025-07-14 02:50:00",300,1,73,18,36,38.9,49.5,73.6954732510288,17.7066666666667,35.9975,38.8975001,44.38,0.19,0,0,0,0
"2025-07-14 02:55:00",300,1,67,19,36,38.9,31,67.4233333333333,19.27,36,38.9,34.2333333333333,0,0,0,0,0
"2025-07-14 03:00:00",300,1,66,18,36,38.9,38.5,66.4266666666667,18.0633333333333,36,38.9,39.6333333333333,0,0,0,0,0
"2025-07-14 03:05:00",300,1,66,18,36,38.9,38,66.3566666666667,17.6966666666667,36,38.9,38.1233333333333,0,0,0,0,0
"2025-07-14 03:10:00",300,1,66,18,36,38.9,38,66.7966101694915,17.7233333333333,36,38.9,40.6033333333333,0.0166666666666667,0,0,0,0
"2025-07-14 03:15:00",300,1,66,19,36,38.9,35,66.6233333333333,18.8066666666667,36,38.9,35.28,0,0,0,0,0
"2025-07-14 03:20:00",300,1,67,19,36,38.9,32,67.6166666666667,18.4766666666667,36,38.9,37.2666666666667,0,0,0,0,0
"2025-07-14 03:25:00",300,1,68,19,36,38.9,34,68.8633333333333,19.2366666666667,36,38.9,33.88,0,0,0,0,0
"2025-07-14 03:30:00",300,1,68,18,36,38.9,36,68.7457627118644,17.0866666666667,36,38.9,41.84,0.0166666666666667,0,0,0,0
"2025-07-14 03:35:00",300,1,70,19,36,38.9,34,70.2933333333333,18.6833333333333,36,38.9,33.71,0,0,0,0,0
"2025-07-14 03:40:00",300,1,73,18,36,38.9,31,72.6643835616438,18.1466666666667,36,38.9,30.98,0.0266666666666667,0,0,0,0
"2025-07-14 03:45:00",300,1,77,16,36,38.9,31,79.0678733031674,16.6033333333333,36,38.9,34.2466666666667,0.263333333333333,0,0,0,0
"2025-07-14 03:50:00",300,1,95,14,36,38.9,36.5,92.2731481481482,14.0066666666667,36,38.9,37.0633333333333,0.28,0,0,0,0
"2025-07-14 03:55:00",300,1,88,15,36,38.9,35,87.7314285714286,14.7266666666667,36,38.9,35.01,0.416666666666667,0,0,0,0
"2025-07-14 04:00:00",300,1,82,16,36,38.9,24,82.067615658363,16.67,36,38.9,25.2566666666667,0.0633333333333333,0,0,0,0
"2025-07-14 04:05:00",300,1,80,14,36,38.9,33,80.7559322033898,14.9633333333333,36,38.9,39.8266666666667,0.0166666666666667,0,0,0,0
"2025-07-14 04:10:00",300,1,82,11,36,38.9,38,82.5036231884058,11.6566666666667,36,38.9,35.7033333333333,0.08,0,0,0,0
"2025-07-14 04:15:00",300,1,80,16,36,38.9,30,80.6366666666667,15.98,36,38.9,34.8566666666667,0,0,0,0,0
"2025-07-14 04:20:00",300,1,82,13,36,38.9,31,82.4964539007092,13.72,36,38.9,38.91,0.06,0,0,0,0
"2025-07-14 04:25:00",300,1,83,13,36,38.9,35,83.452296819788,13.7266666666667,36,38.9,37.0466666666667,0.0566666666666667,0,0,0,0
"2025-07-14 04:30:00",300,1,82,12,36,38.9,35,82.5791366906475,12.5766666666667,36,38.9,47.5633333333333,0.0733333333333333,0,0,0,0
"2025-07-14 04:35:00",300,1,93,11,36,38.9,35,94.0666666666667,11.4833333333333,36,38.9,33.9733333333333,0.3,0,0,0,0
"2025-07-14 04:40:00",300,1,83,18,36,38.9,28,85.184331797235,17.53,36,38.9,30.0333333333333,0.276666666666667,0,0,0,0
"2025-07-14 04:45:00",300,1,82,16,36,38.9,35.5,83.2962962962963,16.0466666666667,36,38.9,37.45,0.28,0,0,0,0
"2025-07-14 04:50:00",300,1,78,15,36,38.9,45,78.5141843971631,14.6866666666667,36,38.9,43.72,0.06,0,0,0,0
"2025-07-14 04:55:00",300,1,84,13,36,38.9,40.5,84.4111675126904,13.24,36.0025,38.9025,38.89,0.343333333333333,0,0,0,0
"2025-07-14 05:00:00",300,1,73,19,36,38.9,31,72.9366666666667,18.8933333333333,36.0541666666667,38.9541668666667,29.92,0,0,0,0,0
"2025-07-14 05:05:00",300,1,72,20,36.8,39.7,29,72.3966666666667,19.93,36.73,39.6300008,27.9133333333333,0,0,0,0,0
"2025-07-14 05:10:00",300,1,72,19,37,39.9,33,72.3491525423729,18.93,36.9975,39.8975001,32.9,0.0166666666666667,0,0,0,0
"2025-07-14 05:15:00",300,1,73,18,37,39.9,30,73.24,18.01,37,39.9,29.9,0,0,0,0,0
"2025-07-14 05:20:00",300,1,75,17,37,39.9,40.5,75.3527397260274,17.22,37,39.9,50.18,0.0266666666666667,0,0,0,0
"2025-07-14 05:25:00",300,1,75,18,37,39.9,30,75.63,18.07,37,39.9,29.9433333333333,0,0,0,0,0
"2025-07-14 05:30:00",300,1,76,18,37,39.9,31,77.2474576271186,18.6033333333333,37,39.9,31.7366666666667,0.0166666666666667,0,0,0,0
"2025-07-14 05:35:00",300,1,78,19,37,39.9,30.5,78.7633333333333,18.28,37,39.9,30.5566666666667,0,0,0,0,0
"2025-07-14 05:40:00",300,1,78,16,37,39.9,31,78.7025089605735,16.07,37,39.9,35.54,0.07,0,0,0,0
"2025-07-14 05:45:00",300,1,78,19,37,39.9,30,77.9066666666667,17.82,37,39.9,30.64,0,0,0,0,0
"2025-07-14 05:50:00",300,1,76,18,37,39.9,32,75.9152542372881,17.7266666666667,37,39.9,33.09,0.0166666666666667,0,0,0,0
"2025-07-14 05:55:00",300,1,76,19,37,39.9,26,75.76,18.9033333333333,37,39.9,27.1366666666667,0,0,0,0,0
"2025-07-14 06:00:00",300,1,75,18,37,39.9,32,75.9466666666667,17.4766666666667,37,39.9,35.2133333333333,0,0,0,0,0
"2025-07-14 06:05:00",300,1,77,20,37,39.9,25,77.3864406779661,19.84,37,39.9,25.9166666666667,0.0166666666666667,0,0,0,0
"2025-07-14 06:10:00",300,1,78,19,37,39.9,27,78.319587628866,18.4933333333333,37,39.9,33.1733333333333,0.03,0,0,0,0
"2025-07-14 06:15:00",300,1,77,19,37,39.9,24.5,76.8932384341637,18.5266666666667,37,39.9,25.3666666666667,0.0633333333333333,0,0,0,0
"2025-07-14 06:20:00",300,1,79,15,37,39.9,37,79.484962406015,15.5133333333333,37,39.9,40.2066666666667,0.113333333333333,0,0,0,0
"2025-07-14 06:25:00",300,1,77,19,37,39.9,30,77.7898305084746,18.4266666666667,37,39.9,30.49,0.0166666666666667,0,0,0,0
"2025-07-14 06:30:00",300,1,76,19,37,39.9,27,76.5593220338983,18.3166666666667,37,39.9,28.6133333333333,0.0166666666666667,0,0,0,0
"2025-07-14 06:35:00",300,1,74,18,37,39.9,30,74.3627118644068,18.0733333333333,37,39.9,36.0233333333333,0.0166666666666667,0,0,0,0
"2025-07-14 06:40:00",300,1,75,18,37,39.9,31,74.9534050179211,17.9533333333333,37,39.9,29.9133333333333,0.07,0,0,0,0
"2025-07-14 06:45:00",300,1,76,17,37,39.9,32,75.9152542372881,17.5266666666667,37,39.9,35.2933333333333,0.0166666666666667,0,0,0,0
"2025-07-14 06:50:00",300,1,76,17,37,39.9,42,76.7472527472527,16.9566666666667,37,39.9,48.8633333333333,0.09,0,0,0,0
"2025-07-14 06:55:00",300,1,74,15,37,39.9,38,75,15.2233333333333,37,39.9,37.34,0.123333333333333,0,0,0,0
"2025-07-14 07:00:00",300,1,78,15,37,39.9,50,79.134328358209,16.08,37,39.9,45.0866666666667,0.33,0,0,0,0
"2025-07-14 07:05:00",300,1,73,19,37,39.9,33,73.65,18.8633333333333,37,39.9,35.38,0,0,0,0,0
"2025-07-14 07:10:00",300,1,74,20,37,39.9,31,74.1866666666667,20.0633333333333,37,39.9,33.7566666666667,0,0,0,0,0
"2025-07-14 07:15:00",300,1,73,19,37,39.9,29,73.1133333333333,18.6633333333333,37,39.9,27.6633333333333,0,0,0,0,0
"2025-07-14 07:20:00",300,1,73,20,37,39.9,30,73.3263157894737,19.31,37,39.9,29.9533333333333,0.05,0,0,0,0
"2025-07-14 07:25:00",300,1,71,19,37,39.9,33,71.5333333333333,18.9733333333333,37,39.9,33.19,0,0,0,0,0
"2025-07-14 07:30:00",300,1,71,18,37,39.9,45,72.168458781362,17.4266666666667,37,39.9,43.04,0.07,0,0,0,0
"2025-07-14 07:35:00",300,1,72,18,37,39.9,34,71.9366666666667,17.5366666666667,37,39.9,36.0666666666667,0,0,0,0,0
"2025-07-14 07:40:00",300,1,71,19,37,39.9,37,71.2333333333333,19.1666666666667,37,39.9,36.3933333333333,0,0,0,0,0
"2025-07-14 07:45:00",300,1,68,19,37,39.9,45,68.8466666666667,18.89,37,39.9,47.9433333333333,0,0,0,0,0
"2025-07-14 07:50:00",300,1,68,18,37,39.9,32,69.8260869565217,17.1466666666667,37,39.9,55.9666666666667,0.156666666666667,0,0,0,0
"2025-07-14 07:55:00",300,1,67,18,37,39.9,53,68.1802120141343,17.5690235690236,37,39.9,57.4133333333333,0.0566666666666667,0.01,0,0,0
"2025-07-14 08:00:00",300,1,94,16,37,39.9,48,89.221198156682,16.2566666666667,36.9565,39.85650015,45.0866666666667,0.276666666666667,0,0,0,0
"2025-07-14 08:05:00",300,1,83,18,36,38.9,69,83.9769230769231,17.7966666666667,36.0043333333333,38.9043333333333,58.2433333333333,0.133333333333333,0,0,0,0
"2025-07-14 08:10:00",300,1,67,16,36,38.9,55,66.8333333333333,16.27,36,38.9,60.7766666666667,0,0,0,0,0
"2025-07-14 08:15:00",300,1,67,19,36,38.9,46,66.8433333333333,18.3133333333333,36,38.9,44.4866666666667,0,0,0,0,0
"2025-07-14 08:20:00",300,1,69,18,36,38.9,43,68.8566666666667,18.12,36,38.9,42.1,0,0,0,0,0
"2025-07-14 08:25:00",300,1,70,19,36,38.9,36,70.3661016949153,19.3633333333333,36,38.9,39.9933333333333,0.0166666666666667,0,0,0,0
"2025-07-14 08:30:00",300,1,68,19,36,38.9,42,68.27,19.13,36.0691666666667,38.9691668166667,42.36,0,0,0,0,0
"2025-07-14 08:35:00",300,1,66,18,36.825,39.725,42,66.1233333333333,17.48,36.793,39.6930006133333,44.94,0,0,0,0,0
"2025-07-14 08:40:00",300,1,66,18,36.4,39.300003,39,66.1220338983051,17.72,36.4921666666667,39.3921675733333,39.5733333333333,0.0166666666666667,0,0,0,0
"2025-07-14 08:45:00",300,1,69,18,36.65,39.550003,36,68.8907849829352,18.2333333333333,36.6238333333333,39.5238343133333,43.4,0.0233333333333333,0,0,0,0
"2025-07-14 08:50:00",300,1,68,19,36.75,39.65,38,68.79,18.9433333333333,36.739,39.6390008633333,54.24,0,0,0,0,0
"2025-07-14 08:55:00",300,1,68,19,36.5,39.4,36,68.0733333333333,19.8966666666667,36.5148333333333,39.41483447,36.9566666666667,0,0,0,0,0
"2025-07-14 09:00:00",300,1,68,18,36.825,39.725,42.5,67.43,17.8233333333333,36.739,39.63900117,47.62,0,0,0,0,0
"2025-07-14 09:05:00",300,1,67,18,36.25,39.15,39,67.0433333333333,18.0033333333333,36.2356666666667,39.1356673966667,39.2466666666667,0,0,0,0,0
"2025-07-14 09:10:00",300,1,67,17,36.45,39.350002,37,67.49,17.2466666666667,36.45,39.350001,40.3366666666667,0,0,0,0,0
"2025-07-14 09:15:00",300,1,67,17,37,39.9,37,67.49,17.3566666666667,36.9925,39.89250025,37.2933333333333,0,0,0,0,0
"2025-07-14 09:20:00",300,1,68,17,37,39.9,38,72.3823529411765,16.1166666666667,37,39.9,45.82,0.206666666666667,0,0,0,0
"2025-07-14 09:25:00",300,1,75,14,36,38.9,54.5,76.3707865168539,13.5633333333333,36.3225,39.22250015,47.4033333333333,0.406666666666667,0,0,0,0
"2025-07-14 09:30:00",300,1,82,13,36,38.9,0,87.0729927007299,13.0633333333333,36,38.9,39.3866666666667,0.543333333333333,0,0,0,0
"2025-07-14 09:35:00",298,0.993333333333333,97,21,36,38.9,0,93.488188976378,18.3842794759825,36.0444630872483,38.9444631879195,24.3154362416107,0.573825503355705,0.231543624161074,0,0,0
"2025-07-14 09:40:00",300,1,104,NA,36.7,39.600002,0,106.571428571429,NA,36.5408333333333,39.4408343833333,0.903333333333333,0.976666666666667,1,0,0,0
"2025-07-14 09:45:00",300,1,114,7,36,38.9,0,115.5,6.27142857142857,36,38.9,3.70333333333333,0.933333333333333,0.533333333333333,0,0,0
"2025-07-14 09:50:00",300,1,108,7,36,38.9,0,109.826923076923,12.0966666666667,36,38.9,12.24,0.653333333333333,0,0,0,0
"2025-07-14 09:55:00",300,1,82,17,36,38.9,39,83.4615384615385,16.5366666666667,36,38.9,45.5033333333333,0.263333333333333,0,0,0,0
"2025-07-14 10:00:00",300,1,80,14,36,38.9,36,83.5889570552147,14.3033333333333,36,38.9,30.9666666666667,0.456666666666667,0,0,0,0
"2025-07-14 10:05:00",300,1,78,15,36,38.9,54.5,79.4584837545126,15,36,38.9,70.6133333333333,0.0766666666666667,0,0,0,0
"2025-07-14 10:10:00",300,1,70,16,36,38.9,41.5,70.0433333333333,15.9066666666667,36,38.9,41.17,0,0,0,0,0
"2025-07-14 10:15:00",300,1,69,20,36,38.9,29,69.8440677966102,20.19,36,38.9,29.9033333333333,0.0166666666666667,0,0,0,0
"2025-07-14 10:20:00",300,1,68,19,36,38.9,31,68.58,19.25,36,38.9,30.85,0,0,0,0,0
"2025-07-14 10:25:00",300,1,69,17,36,38.9,29,71.3085501858736,16.7033333333333,36,38.9,33.4533333333333,0.103333333333333,0,0,0,0
"2025-07-14 10:30:00",300,1,71,17,36,38.9,37,74.5,17.1466666666667,36,38.9,44.7566666666667,0.193333333333333,0,0,0,0
"2025-07-14 10:35:00",300,1,70,17,36,38.9,34,70.7368421052632,16.7433333333333,36,38.9,31.0066666666667,0.05,0,0,0,0
"2025-07-14 10:40:00",300,1,72,13,36,38.9,20,73.8066298342541,12.87,36,38.9,30.7533333333333,0.396666666666667,0,0,0,0
"2025-07-14 10:45:00",300,1,80,16,36,38.9,52,80.215,15.79,36,38.9,46.64,0.333333333333333,0,0,0,0
"2025-07-14 10:50:00",300,1,79,13,36,38.9,0,78.3605442176871,13.23,35.995,38.89500015,28.8233333333333,0.51,0,0,0,0
"2025-07-14 10:55:00",300,1,76,14,36,38.9,30,76.0324324324324,14.49,36,38.9,25.7466666666667,0.383333333333333,0,0,0,0
"2025-07-14 11:00:00",300,1,78,18,36,38.9,74,78.4380165289256,17.0766666666667,36,38.9,67.92,0.193333333333333,0,0,0,0
"2025-07-14 11:05:00",300,1,80,17,36,38.9,26,80.7288732394366,16.9266666666667,36,38.9,27.84,0.0533333333333333,0,0,0,0
"2025-07-14 11:10:00",300,1,81,19,36,38.9,28,80.7586206896552,19.0166666666667,36,38.9,32.2066666666667,0.0333333333333333,0,0,0,0
"2025-07-14 11:15:00",300,1,78.5,17,36,38.9,40,78.8897637795276,17.5933333333333,36,38.9,36.1933333333333,0.153333333333333,0,0,0,0
"2025-07-14 11:20:00",300,1,74,17,36,38.9,29,73.6160714285714,16.7266666666667,36,38.9,25.9866666666667,0.253333333333333,0,0,0,0
"2025-07-14 11:25:00",300,1,77,17,36,38.9,37,77.6991525423729,16.32,36,38.9,41.82,0.213333333333333,0,0,0,0
"2025-07-14 11:30:00",300,1,74,19,36,38.9,22,74.4558303886926,19.6133333333333,36,38.9,32.0833333333333,0.0566666666666667,0,0,0,0
"2025-07-14 11:35:00",300,1,75,20,36,38.9,22,75.43,19.4333333333333,36,38.9,21.5166666666667,0,0,0,0,0
"2025-07-14 11:40:00",300,1,77,20,36,38.9,16,77.45,20.64,36,38.9,16.14,0,0,0,0,0
"2025-07-14 11:45:00",300,1,77,20,36,38.9,20,76.5866666666667,20.5533333333333,36,38.9,19.5733333333333,0,0,0,0,0
"2025-07-14 11:50:00",300,1,74,18,36,38.9,24,74.3266666666667,18.39,36,38.9,23.8566666666667,0,0,0,0,0
"2025-07-14 11:55:00",300,1,78,18,36,38.9,40,79.4038461538462,17.35,36,38.9,41.4533333333333,0.133333333333333,0,0,0,0
"2025-07-14 12:00:00",300,1,72,19,36,38.9,28,73.6813559322034,17.8833333333333,36,38.9,34.6166666666667,0.0166666666666667,0,0,0,0
"2025-07-14 12:05:00",300,1,74,18,36,38.9,24.5,74.1833333333333,17.6133333333333,36,38.9,25.3133333333333,0,0,0,0,0
"2025-07-14 12:10:00",300,1,74,19,36,38.9,22,74.2066666666667,18.5466666666667,36,38.9,22.4066666666667,0,0,0,0,0
"2025-07-14 12:15:00",300,1,75,18,36,38.9,22,74.8101694915254,18.2833333333333,36,38.9,21.87,0.0166666666666667,0,0,0,0
"2025-07-14 12:20:00",300,1,81,18,36,38.9,39.5,80.4268292682927,16.7066666666667,36,38.9,34.19,0.18,0,0,0,0
"2025-07-14 12:25:00",300,1,78,10,36,38.9,0,78.2272727272727,11.8733333333333,36,38.9,16.3633333333333,0.56,0,0,0,0
"2025-07-14 12:30:00",300,1,71,16,36,38.9,84,73.8965517241379,15.25,36,38.9,67.0066666666667,0.13,0,0,0,0
"2025-07-14 12:35:00",300,1,78,14,36,38.9,54,78.6351351351351,14.1266666666667,36,38.9,59.12,0.26,0,0,0,0
"2025-07-14 12:40:00",300,1,77,17,36,38.9,41,77.6549019607843,17.2133333333333,36,38.9,45.6533333333333,0.15,0,0,0,0
"2025-07-14 12:45:00",300,1,79,18,36,38.9,0,78.9805825242718,18.0533333333333,36,38.9,22.91,0.656666666666667,0,0,0,0
"2025-07-14 12:50:00",300,1,79,18,36,38.9,0,79,18,36,38.9,0.213333333333333,0.993333333333333,0,0,0,0
"2025-07-14 12:55:00",300,1,79,18,36,38.9,0,79.8863636363636,17.9533333333333,36,38.9,11.59,0.706666666666667,0,0,0,0
"2025-07-14 13:00:00",300,1,75,18,36,38.9,30,75.3466666666667,18.0266666666667,36,38.9,32.3266666666667,0,0,0,0,0
"2025-07-14 13:05:00",300,1,73,18,36,38.9,31,72.7866666666667,17.9066666666667,36,38.9,38.5366666666667,0,0,0,0,0
"2025-07-14 13:10:00",300,1,72,18,36,38.9,29,73.3982300884956,17.0233333333333,36,38.9,27.67,0.246666666666667,0,0,0,0
"2025-07-14 13:15:00",300,1,94,15.5,36,38.9,36,94.5479452054795,15.5466666666667,36,38.9,40.12,0.27,0,0,0,0
"2025-07-14 13:20:00",300,1,84,13,36,38.9,27,84.4364640883978,13.1433333333333,36,38.9,32.6666666666667,0.396666666666667,0,0,0,0
"2025-07-14 13:25:00",300,1,79,20,36,38.9,40,79.1433823529412,18.67,36,38.9,41.7333333333333,0.0933333333333333,0,0,0,0
"2025-07-14 13:30:00",300,1,71,20,36,38.9,28,71.62,19.2466666666667,36,38.9,33.2933333333333,0,0,0,0,0
"2025-07-14 13:35:00",300,1,75,19,36,38.9,33,75.9765625,18.84,36,38.9,30.4366666666667,0.146666666666667,0,0,0,0
"2025-07-14 13:40:00",300,1,77,19,36,38.9,35,76.3754385964912,19.36,36,38.9,32.2566666666667,0.05,0,0,0,0
"2025-07-14 13:45:00",300,1,73,20,36,38.9,29,73.3118644067797,20.3166666666667,36,38.9,28.5566666666667,0.0166666666666667,0,0,0,0
"2025-07-14 13:50:00",300,1,74,19,36,38.9,25,73.8766666666667,19.3733333333333,36,38.9,26.92,0,0,0,0,0
"2025-07-14 13:55:00",300,1,73,19,36,38.9,30,72.8869863013699,19.7,36,38.9,37.4433333333333,0.0266666666666667,0,0,0,0
"2025-07-14 14:00:00",300,1,74,19,36,38.9,26.5,74.968085106383,18.5833333333333,36,38.9,31.9933333333333,0.06,0,0,0,0
"2025-07-14 14:05:00",300,1,73,18,36,38.9,30,73.0177304964539,17.6833333333333,36,38.9,29.83,0.06,0,0,0,0
"2025-07-14 14:10:00",300,1,73,19,36,38.9,28,73.0666666666667,19.7,36,38.9,31.2333333333333,0,0,0,0,0
"2025-07-14 14:15:00",300,1,73,19,36,38.9,32,73.5272108843537,18.8333333333333,36,38.9,33.53,0.02,0,0,0,0
"2025-07-14 14:20:00",300,1,85,12,36,38.9,18.5,84.1823529411765,12.97,36,38.9,30.2733333333333,0.433333333333333,0,0,0,0
"2025-07-14 14:25:00",300,1,81,16,36,38.9,29,80.9227941176471,15.24,36,38.9,28.1633333333333,0.0933333333333333,0,0,0,0
"2025-07-14 14:30:00",300,1,85,17,36,38.9,33,84.4326530612245,16.9866666666667,36,38.9,43.5866666666667,0.183333333333333,0,0,0,0
"2025-07-14 14:35:00",300,1,76,16,35.7,38.600002,45,78.3241106719368,15.6833333333333,35.6113333333333,38.5113338333333,49.0633333333333,0.156666666666667,0,0,0,0
"2025-07-14 14:40:00",300,1,70,19,35.2,38.100002,22,69.99,18.7966666666667,35.2385,38.13850085,23.3466666666667,0,0,0,0,0
"2025-07-14 14:45:00",300,1,70,18,35.275,38.175,20,70.7728813559322,17.3266666666667,35.2893333333333,38.1893344333333,24.8633333333333,0.0166666666666667,0,0,0,0
"2025-07-14 14:50:00",300,1,72,16,35.8,38.7,29,71.9966666666667,15.9866666666667,35.6458333333333,38.5458348833333,27.41,0,0,0,0,0
"2025-07-14 14:55:00",300,1,71,16,36,38.9,17,71.8666666666667,16.3233333333333,35.9925,38.8925003,18.6766666666667,0,0,0,0,0
"2025-07-14 15:00:00",300,1,69,17,36,38.9,15,69.24,17.25,35.9043333333333,38.80433376,15.3233333333333,0,0,0,0,0
"2025-07-14 15:05:00",300,1,68,16,35.95,38.850002,27,68.2933333333333,15.9733333333333,35.9431666666667,38.84316749,29.14,0,0,0,0,0
"2025-07-14 15:10:00",300,1,67,16,35.8,38.7,22,67.6133333333333,16.0266666666667,35.7621666666667,38.6621680166667,22.3733333333333,0,0,0,0,0
"2025-07-14 15:15:00",300,1,68,16,35.7,38.600002,27,67.79,16.35,35.6651666666667,38.5651671166667,26.0466666666667,0,0,0,0,0
"2025-07-14 15:20:00",300,1,69,16,35.9,38.800003,20,68.6466666666667,16.1466666666667,35.8145,38.7145013266667,21.7333333333333,0,0,0,0,0
"2025-07-14 15:25:00",300,1,70,17,35.675,38.5750025,23,70.2733333333333,16.6866666666667,35.6436666666667,38.54366754,27.8233333333333,0,0,0,0,0
"2025-07-14 15:30:00",300,1,69,15.5,35.75,38.65,27,70.0515463917526,15.7666666666667,35.7755,38.6755007766667,33.33,0.03,0,0,0,0
"2025-07-14 15:35:00",300,1,69,15,36,38.9,22,68.67,14.8166666666667,35.959,38.8590002733333,24.34,0,0,0,0,0
"2025-07-14 15:40:00",300,1,69,15,36,38.9,19,69.53,15.1066666666667,36,38.9,19.05,0,0,0,0,0
"2025-07-14 15:45:00",300,1,71,15,36,38.9,19,70.9933333333333,14.97,36,38.9,24.4433333333333,0,0,0,0,0
"2025-07-14 15:50:00",300,1,72,15,36,38.9,17,71.76,15.3533333333333,36,38.9,18.7866666666667,0,0,0,0,0
"2025-07-14 15:55:00",300,1,72,16,36,38.9,15,72.04,15.6,36,38.9,16.51,0,0,0,0,0
"2025-07-14 16:00:00",300,1,72,15,36,38.9,17,72.3433333333333,15.4366666666667,36,38.9,18.1166666666667,0,0,0,0,0
"2025-07-14 16:05:00",300,1,73,15,36,38.9,16,72.7266666666667,15.4233333333333,36,38.9,16.3866666666667,0,0,0,0,0
"2025-07-14 16:10:00",300,1,73,15,36,38.9,17,72.7275862068965,15.3366666666667,36,38.9,35.4166666666667,0.0333333333333333,0,0,0,0
"2025-07-14 16:15:00",300,1,73,15,36,38.9,24,73.0633333333333,15.3133333333333,36,38.9,27.6666666666667,0,0,0,0,0
"2025-07-14 16:20:00",300,1,76,16,36,38.9,20,75.986301369863,16.27,35.9975,38.8975001,29.1066666666667,0.0266666666666667,0,0,0,0
"2025-07-14 16:25:00",300,1,79,16,36,38.9,20,78.4133333333333,16.7633333333333,36,38.9,21.4833333333333,0,0,0,0,0
"2025-07-14 16:30:00",300,1,77,15,36.45,39.350002,20,77.16,14.8533333333333,36.5408333333333,39.4408340333333,21.58,0,0,0,0,0
"2025-07-14 16:35:00",300,1,77,15,37,39.9,20,77.1855670103093,15.9933333333333,37,39.9,26.61,0.03,0,0,0,0
"2025-07-14 16:40:00",300,1,76,15,37,39.9,18,76.5133333333333,14.9933333333333,36.7441666666667,39.6441670166667,20.3633333333333,0,0,0,0,0
"2025-07-14 16:45:00",300,1,77,14,36,38.9,16,76.7533333333333,14.15,36,38.9,17.0266666666667,0,0,0,0,0
"2025-07-14 16:50:00",300,1,76,14,36,38.9,14,76.1266666666667,14.2266666666667,36,38.9,17.5033333333333,0,0,0,0,0
"2025-07-14 16:55:00",300,1,78,15,36,38.9,13,78.1166666666667,14.5366666666667,36,38.9,13.07,0,0,0,0,0
"2025-07-14 17:00:00",300,1,80,14,36,38.9,18,79.6952054794521,14.0466666666667,36,38.9,26.8033333333333,0.0266666666666667,0,0,0,0
"2025-07-14 17:05:00",300,1,80,14,36,38.9,16,80.0733333333333,14.5166666666667,36,38.9,22.0966666666667,0,0,0,0,0
"2025-07-14 17:10:00",300,1,79,15,36,38.9,15,78.5566666666667,14.65,36,38.9,16.2266666666667,0,0,0,0,0
"2025-07-14 17:15:00",300,1,76,15,36,38.9,14,76.6166666666667,15.06,36,38.9,20.2366666666667,0,0,0,0,0
"2025-07-14 17:20:00",300,1,80,15,36,38.9,13.5,81.0268456375839,15.0833333333333,36,38.9,16.2633333333333,0.00666666666666667,0,0,0,0
"2025-07-14 17:25:00",300,1,84,18,36,38.9,29,86.1889763779528,20.4338983050847,36,38.9,32.8433333333333,0.153333333333333,0.0166666666666667,0,0,0
"2025-07-14 17:30:00",300,1,79,17,36,38.9,20,79.2733333333333,17.9433333333333,36,38.9,20.43,0,0,0,0,0
"2025-07-14 17:35:00",300,1,76,15,36,38.9,19.5,76.3733333333333,14.5466666666667,36,38.9,19.0966666666667,0,0,0,0,0
"2025-07-14 17:40:00",300,1,75,15,36,38.9,17,74.5466666666667,14.5333333333333,36,38.9,17.8233333333333,0,0,0,0,0
"2025-07-14 17:45:00",300,1,73,14,36,38.9,19,72.4566666666667,14.12,36,38.9,19.4766666666667,0,0,0,0,0
"2025-07-14 17:50:00",300,1,71,14,36,38.9,21,71.1133333333333,13.6066666666667,36,38.9,22.2133333333333,0,0,0,0,0
"2025-07-14 17:55:00",300,1,72,14,36,38.9,19,72.2033333333333,14.2933333333333,36,38.9,19.9566666666667,0,0,0,0,0
"2025-07-14 18:00:00",300,1,72,15,36,38.9,25,73.264406779661,15.17,36,38.9,30.47,0.0166666666666667,0,0,0,0
"2025-07-14 18:05:00",300,1,76,15,36,38.9,20,75.2966666666667,15.4,35.9975,38.8975001,36.1,0,0,0,0,0
"2025-07-14 18:10:00",300,1,78,18,36,38.9,13,77.9266666666667,18.77,36,38.9,13.1733333333333,0,0,0,0,0
"2025-07-14 18:15:00",300,1,80,18,36,38.9,31,80.6433333333333,18.66,36,38.9,33.63,0,0,0,0,0
"2025-07-14 18:20:00",300,1,78,17,36,38.9,24,78.4033333333333,18.0966666666667,36,38.9,24.3466666666667,0,0,0,0,0
"2025-07-14 18:25:00",300,1,73,16,36,38.9,28,72.8666666666667,16.1133333333333,36,38.9,29.6166666666667,0,0,0,0,0
"2025-07-14 18:30:00",300,1,69,16,36,38.9,26,69.6406779661017,16.07,36,38.9,31.9466666666667,0.0166666666666667,0,0,0,0
"2025-07-14 18:35:00",300,1,69,16,36,38.9,38,69.5,17.59,36,38.9,45.4066666666667,0,0,0,0,0
"2025-07-14 18:40:00",300,1,68,15,36,38.9,24.5,67.6666666666667,15.4866666666667,36,38.9,25.8633333333333,0,0,0,0,0
"2025-07-14 18:45:00",300,1,67,15,36,38.9,20,67.2,14.8,36,38.9,21.5266666666667,0,0,0,0,0
"2025-07-14 18:50:00",300,1,69,15,36,38.9,21,69.2333333333333,14.85,36,38.9,21.83,0,0,0,0,0
"2025-07-14 18:55:00",300,1,70,15,36,38.9,20,69.95,15.57,36,38.9,21.28,0,0,0,0,0
"2025-07-14 19:00:00",300,1,71,15,36,38.9,22,70.65,15.52,36,38.9,23.19,0,0,0,0,0
"2025-07-14 19:05:00",300,1,73,15,36,38.9,18,72.9491525423729,15.7,36,38.9,32.66,0.0166666666666667,0,0,0,0
"2025-07-14 19:10:00",300,1,70,16,36,38.9,20,70.04,15.9233333333333,36,38.9,31.8433333333333,0,0,0,0,0
"2025-07-14 19:15:00",300,1,69,15,36,38.9,44,70.280442804428,15.56,36,38.9,53.7733333333333,0.0966666666666667,0,0,0,0
"2025-07-14 19:20:00",300,1,71,16,36,38.9,19,71.3866666666667,16.1266666666667,36,38.9,29.1933333333333,0,0,0,0,0
"2025-07-14 19:25:00",300,1,70,17,36,38.9,19,69.9533333333333,16.8333333333333,36,38.9,19.2966666666667,0,0,0,0,0
"2025-07-14 19:30:00",300,1,70,17,36,38.9,19,70.38,16.6666666666667,36,38.9,18.9866666666667,0,0,0,0,0
"2025-07-14 19:35:00",300,1,71,16,36,38.9,16,70.6333333333333,15.8566666666667,36,38.9,16.6933333333333,0,0,0,0,0
"2025-07-14 19:40:00",300,1,70,17,36,38.9,18,70.25,17.2966666666667,36,38.9,20.0366666666667,0,0,0,0,0
"2025-07-14 19:45:00",300,1,69,19,36,38.9,28,69.05,18.5266666666667,36,38.9,29.43,0,0,0,0,0
"2025-07-14 19:50:00",300,1,71,17,36,38.9,28,70.39,17.42,36,38.9,27.8466666666667,0,0,0,0,0
"2025-07-14 19:55:00",300,1,72,19,36,38.9,17,72.0566666666667,19.0733333333333,36,38.9,20.1466666666667,0,0,0,0,0
"2025-07-14 20:00:00",300,1,71,20,36,38.9,32.5,71.24,19.3766666666667,36,38.9,30.98,0,0,0,0,0
"2025-07-14 20:05:00",300,1,73,19,36,38.9,13,72.7366666666667,19.7933333333333,36,38.9,13.9533333333333,0,0,0,0,0
"2025-07-14 20:10:00",300,1,72,18,36,38.9,18,71.6813559322034,17.62,36,38.9,32.11,0.0166666666666667,0,0,0,0
"2025-07-14 20:15:00",300,1,70,18,36,38.9,21,70.3933333333333,17.72,36,38.9,29.0833333333333,0,0,0,0,0
"2025-07-14 20:20:00",300,1,67,17,36,38.9,32,67.588850174216,17.0366666666667,36,38.9,52.8333333333333,0.0433333333333333,0,0,0,0
"2025-07-14 20:25:00",300,1,66,15,36,38.9,30,65.96,15.0366666666667,36,38.9,29.59,0,0,0,0,0
"2025-07-14 20:30:00",300,1,66,18,35.75,38.65,21,66.06,17.8833333333333,35.6888333333333,38.5888337833333,25.3766666666667,0,0,0,0,0
"2025-07-14 20:35:00",300,1,66,18,35.25,38.15,26,66.6632302405498,18.3233333333333,35.2566666666667,38.1566681166667,43.2,0.03,0,0,0,0
"2025-07-14 20:40:00",300,1,67,18,35.35,38.25,23,67.0533333333333,18.6433333333333,35.3956666666667,38.2956674066667,34.5266666666667,0,0,0,0,0
"2025-07-14 20:45:00",300,1,66,17,36,38.9,28,66.23,17.2133333333333,35.9863333333333,38.8863337933333,29.3466666666667,0,0,0,0,0
"2025-07-14 20:50:00",300,1,67,17,36,38.9,25,66.5833333333333,16.8966666666667,36,38.9,24.2266666666667,0,0,0,0,0
"2025-07-14 20:55:00",300,1,66,16,36,38.9,27.5,66.5853658536585,15.49,36,38.9,39.5333333333333,0.0433333333333333,0,0,0,0
"2025-07-14 21:00:00",300,1,64,16,36.95,39.850002,31,64.5933333333333,16.0933333333333,36.5708333333333,39.4708335833333,34.8933333333333,0,0,0,0,0
"2025-07-14 21:05:00",300,1,65,16,37,39.9,23,64.7666666666667,15.9766666666667,37,39.9,25.8333333333333,0,0,0,0,0
"2025-07-14 21:10:00",300,1,65,16,37,39.9,22,65.0633333333333,16.1733333333333,37,39.9,21.9566666666667,0,0,0,0,0
"2025-07-14 21:15:00",300,1,65,15,37,39.9,24,65.4666666666667,15.6066666666667,37,39.9,27.2766666666667,0,0,0,0,0
"2025-07-14 21:20:00",300,1,66,17,37,39.9,28,66.2233333333333,16.81,37,39.9,30.3133333333333,0,0,0,0,0
"2025-07-14 21:25:00",300,1,69,20,37,39.9,18,70.45,20.4966666666667,36.9835,39.8835001766667,32.0966666666667,0,0,0,0,0
"2025-07-14 21:30:00",300,1,68,17,36.175,39.075,42,68.4027303754266,16.66,36.2626666666667,39.16266728,40.7766666666667,0.0233333333333333,0,0,0,0
"2025-07-14 21:35:00",300,1,68,18,37,39.9,19.5,68.9466666666667,18.75,36.9938333333333,39.8938335433333,38.5766666666667,0,0,0,0,0
"2025-07-14 21:40:00",300,1,68,17,36.4,39.300003,31,68.3661016949153,17.5566666666667,36.4916666666667,39.3916669666667,38.4133333333333,0.0166666666666667,0,0,0,0
"2025-07-14 21:45:00",300,1,67,21,36,38.9,29,67.701030927835,22.39,36,38.9,51.13,0.03,0,0,0,0
"2025-07-14 21:50:00",300,1,69,15,36,38.9,25.5,72.7259259259259,13.7933333333333,35.9925,38.89250025,27.1033333333333,0.1,0,0,0,0
"2025-07-14 21:55:00",300,1,77,17,35.3,38.2,31,77.9117647058823,16.0466666666667,35.4216666666667,38.3216675666667,41.1666666666667,0.0933333333333333,0,0,0,0
"2025-07-14 22:00:00",300,1,68,15,35,37.9,37.5,68.9206896551724,14.6966666666667,35.0075,37.9075,32.8733333333333,0.0333333333333333,0,0,0,0
"2025-07-14 22:05:00",300,1,66,16,35.025,37.925,20,66.1366666666667,16.2133333333333,35.035,37.93500015,23.0066666666667,0,0,0,0,0
"2025-07-14 22:10:00",300,1,66,16,35,37.9,33,66.3702422145329,16.7,35.01,37.91,52.2033333333333,0.0366666666666667,0,0,0,0
"2025-07-14 22:15:00",300,1,65,18,35,37.9,23,65.2466666666667,17.7266666666667,35.0106666666667,37.9106666666667,24.1266666666667,0,0,0,0,0
"2025-07-14 22:20:00",300,1,62,15,35.15,38.050003,29,61.9133333333333,15.1566666666667,35.1605,38.06050134,28.62,0,0,0,0,0
"2025-07-14 22:25:00",300,1,62,15,35.45,38.350002,36,61.5666666666667,16.0666666666667,35.5188333333333,38.4188345933333,36.4533333333333,0,0,0,0,0
"2025-07-14 22:30:00",300,1,62,15,36,38.9,29,62.1066666666667,15.3033333333333,35.9733333333333,38.8733334833333,28.5633333333333,0,0,0,0,0
"2025-07-14 22:35:00",300,1,64,15,36,38.9,25,65.0347222222222,15.0766666666667,36,38.9,34.2666666666667,0.04,0,0,0,0
"2025-07-14 22:40:00",300,1,61,15,36,38.9,45,61.38,14.6,36,38.9,59.7066666666667,0,0,0,0,0
"2025-07-14 22:45:00",300,1,64,15,35.9,38.800003,31,64.7206896551724,16.12,35.9125,38.8125016,49.58,0.0333333333333333,0,0,0,0
"2025-07-14 22:50:00",300,1,63,17,36,38.9,31,62.7866666666667,16.6933333333333,35.9975,38.8975001,31.1466666666667,0,0,0,0,0
"2025-07-14 22:55:00",300,1,67,18,36,38.9,39,69.1527272727273,19.0333333333333,35.9181666666667,38.8181674166667,53.6066666666667,0.0833333333333333,0,0,0,0
"2025-07-14 23:00:00",300,1,68,21.5,35.1,38,38,69.7758620689655,20.78,35.1685,38.06850045,41.0933333333333,0.0333333333333333,0,0,0,0
"2025-07-14 23:05:00",300,1,69,15,35,37.9,51.5,70.6795774647887,14.13,35.025,37.925,60.4266666666667,0.0533333333333333,0,0,0,0
"2025-07-14 23:10:00",300,1,68,18,35,37.9,41,68.6847457627119,17.9333333333333,35,37.9,39.57,0.0166666666666667,0,0,0,0
"2025-07-14 23:15:00",300,1,66,17,35,37.9,33,71.872,15.6266666666667,35,37.9,39.9233333333333,0.166666666666667,0,0,0,0
"2025-07-14 23:20:00",300,1,83,15,35,37.9,40,83.1782608695652,14.76,35,37.9,37.82,0.233333333333333,0,0,0,0
"2025-07-14 23:25:00",300,1,74,13,35,37.9,61.5,73.625,12.75,35,37.9,46.7766666666667,0.413333333333333,0,0,0,0
"2025-07-14 23:30:00",300,1,64,17,35,37.9,47,64.6,16.6033333333333,35,37.9,45.97,0.0166666666666667,0,0,0,0
"2025-07-14 23:35:00",300,1,67,19,35,37.9,49,68.9440298507463,18.5966666666667,35,37.9,49.8,0.106666666666667,0,0,0,0
"2025-07-14 23:40:00",300,1,69,19,35,37.9,42,69.4,19.4133333333333,35,37.9,39.74,0,0,0,0,0
"2025-07-14 23:45:00",300,1,73,19,35,37.9,36,73.5633333333333,18.8933333333333,35,37.9,42.4433333333333,0,0,0,0,0
"2025-07-14 23:50:00",300,1,78.5,14,35,37.9,50.5,79.2875,14.9333333333333,35,37.9,52.2633333333333,0.2,0,0,0,0
"2025-07-14 23:55:00",300,1,77,18,35,37.9,40,78.1931034482759,17.9766666666667,35.0326666666667,37.9326668933333,37.3266666666667,0.0333333333333333,0,0,0,0
"2025-07-15 00:00:00",300,1,80,14,35.5,38.4,39,80.0769230769231,14.45,35.5881666666667,38.48816729,38.5266666666667,0.0466666666666667,0,0,0,0
"2025-07-15 00:05:00",300,1,81,14,36,38.9,36,81.5485232067511,14.1533333333333,36,38.9,36.51,0.21,0,0,0,0
"2025-07-15 00:10:00",300,1,77,16,36,38.9,39,77.6145454545454,15.9733333333333,36,38.9,40.5633333333333,0.0833333333333333,0,0,0,0
"2025-07-15 00:15:00",300,1,70,18,35.8,38.7,35,71.4714285714286,16.6833333333333,35.7871666666667,38.6871671666667,40.86,0.0666666666666667,0,0,0,0
"2025-07-15 00:20:00",300,1,70,19,35.6,38.5,29,70.2666666666667,19.5133333333333,35.5463333333333,38.44633436,28.7166666666667,0,0,0,0,0
"2025-07-15 00:25:00",300,1,70,19,35.75,38.65,18,70.57,18.92,35.74,38.64000115,19.0733333333333,0,0,0,0,0
"2025-07-15 00:30:00",300,1,87,15,35.1,38,41.5,85.0837438423645,14.2066666666667,35.2831666666667,38.18316724,48.0533333333333,0.323333333333333,0,0,0,0
"2025-07-15 00:35:00",300,1,84,18,35,37.9,35,84.1666666666667,17.32,35,37.9,42.8033333333333,0.12,0,0,0,0
"2025-07-15 00:40:00",300,1,92,18,35,37.9,38.5,93.7464114832536,16.6166666666667,35,37.9,43.01,0.303333333333333,0,0,0,0
"2025-07-15 00:45:00",300,1,87,14,35,37.9,0,141.4,14,34.8818333333333,37.78183346,1.66,0.983333333333333,0,0,0,0
"2025-07-15 00:50:00",300,1,118,14,34.2,37.100002,0,135.35,14.08,34.2146666666667,37.11466714,4.89666666666667,0.933333333333333,0,0,0,0
"2025-07-15 00:55:00",300,1,122,15,35,37.9,0,126.594594594595,19.3266666666667,34.9085,37.8085002,6.87666666666667,0.876666666666667,0,0,0,0
"2025-07-15 01:00:00",300,1,121,27,35,37.9,0,121.352941176471,26.0633333333333,35,37.9,8.36,0.83,0,0,0,0
"2025-07-15 01:05:00",300,1,109,17,35,37.9,31.5,106.012903225806,16.85,35,37.9,31.12,0.483333333333333,0,0,0,0
"2025-07-15 01:10:00",300,1,81,16,35.2,38.100002,31,81.3185483870968,15.83,35.3425,38.24250095,30.3033333333333,0.173333333333333,0,0,0,0
"2025-07-15 01:15:00",300,1,76,19,36,38.9,28,76.4896551724138,18.46,35.9783333333333,38.8783333333333,28.19,0.0333333333333333,0,0,0,0
"2025-07-15 01:20:00",300,1,74,18,36,38.9,28,74.3766666666667,18.0466666666667,36,38.9,28.2966666666667,0,0,0,0,0
"2025-07-15 01:25:00",300,1,85,15,35.85,38.75,32,84.774358974359,14.8,35.7655,38.6655002,32.1466666666667,0.35,0,0,0,0
"2025-07-15 01:30:00",300,1,79,15,35,37.9,25.5,78.9571428571429,15.14,35.0061666666667,37.9061666666667,34.1766666666667,0.0666666666666667,0,0,0,0
"2025-07-15 01:35:00",300,1,75,15,35.05,37.95,31,74.9115384615385,15.94,35.0833333333333,37.9833341333333,45.5033333333333,0.133333333333333,0,0,0,0
"2025-07-15 01:40:00",300,1,75,17,35.35,38.25,33,75.0824372759857,17.1666666666667,35.3426666666667,38.2426676433333,32.4666666666667,0.07,0,0,0,0
"2025-07-15 01:45:00",300,1,76,19,36,38.9,35,76.2629757785467,18.39,35.9223333333333,38.8223339066667,33.7133333333333,0.0366666666666667,0,0,0,0
"2025-07-15 01:50:00",300,1,77,18,36,38.9,33,77.6633333333333,18.8433333333333,35.9925,38.8925003,34.2033333333333,0,0,0,0,0
"2025-07-15 01:55:00",300,1,78,17,36,38.9,35,78.3833333333333,17.49,36,38.9,37.5866666666667,0,0,0,0,0
"2025-07-15 02:00:00",298,0.993333333333333,89,14,36,38.9,33,92.6257668711656,14.8951310861423,36,38.9,37.3859060402685,0.453020134228188,0.104026845637584,0,0,0
"2025-07-15 02:05:00",300,1,112,14,36,38.9,0,112.518867924528,14.0233333333333,35.7908333333333,38.6908334833333,16.53,0.646666666666667,0,0,0,0
"2025-07-15 02:10:00",300,1,113,23,35,37.9,0,115.123076923077,21.4733333333333,35,37.9,15.1333333333333,0.566666666666667,0,0,0,0
"2025-07-15 02:15:00",300,1,81,16,35,37.9,14,94.4285714285714,15.7633333333333,35,37.9,37.9,0.393333333333333,0,0,0,0
"2025-07-15 02:20:00",300,1,105,14,35,37.9,18,103.012048192771,14.3733333333333,35,37.9,33.6633333333333,0.446666666666667,0,0,0,0
"2025-07-15 02:25:00",300,1,104,9,35,37.9,0,102.932203389831,9.57,35,37.9,10.8166666666667,0.803333333333333,0,0,0,0
"2025-07-15 02:30:00",300,1,102,14,35.6,38.5,0,100.416058394161,15.6933333333333,35.521,38.4210008,26.0433333333333,0.543333333333333,0,0,0,0
"2025-07-15 02:35:00",300,1,77,19,35.7,38.600002,35,77.5033333333333,18.5933333333333,35.6785,38.5785009533333,37.6,0,0,0,0,0
"2025-07-15 02:40:00",300,1,68,18,35.25,38.15,45,69.3491525423729,17.7966666666667,35.2055,38.1055005966667,56.9166666666667,0.0166666666666667,0,0,0,0
"2025-07-15 02:45:00",300,1,68,20,35,37.9,41,68.2533333333333,19.3333333333333,35,37.9,40.2866666666667,0,0,0,0,0
"2025-07-15 02:50:00",300,1,66,18,35,37.9,42,67.2902097902098,18.2233333333333,35,37.9,49.36,0.0466666666666667,0,0,0,0
"2025-07-15 02:55:00",300,1,66,16.5,35,37.9,51.5,66.4966666666667,16.6,35,37.9,64.2366666666667,0,0,0,0,0
"2025-07-15 03:00:00",300,1,66,17,35,37.9,60.5,70.25,16.5066666666667,35,37.9,66.3666666666667,0.0666666666666667,0,0,0,0
"2025-07-15 03:05:00",300,1,73,18,35,37.9,46,73.1448598130841,17.23,35,37.9,42.6933333333333,0.286666666666667,0,0,0,0
"2025-07-15 03:10:00",300,1,63,18,35,37.9,45,62.9932203389831,17.9366666666667,35,37.9,48.7766666666667,0.0166666666666667,0,0,0,0
"2025-07-15 03:15:00",300,1,64,18,35,37.9,42,66.6300366300366,17.1,35,37.9,52.7466666666667,0.09,0,0,0,0
"2025-07-15 03:20:00",300,1,63,17,35,37.9,53,66.0387323943662,16.86,35,37.9,62.3366666666667,0.0533333333333333,0,0,0,0
"2025-07-15 03:25:00",300,1,73,17,35,37.9,49,74.1631578947368,15.8566666666667,35,37.9,40.8833333333333,0.366666666666667,0,0,0,0
"2025-07-15 03:30:00",300,1,71,19,35,37.9,44.5,70.01,18.75,35,37.9,48.9333333333333,0,0,0,0,0
"2025-07-15 03:35:00",300,1,75,18,35,37.9,32,74.8466666666667,17.8,35.0125,37.91250015,40.05,0,0,0,0,0
"2025-07-15 03:40:00",300,1,78,18,35,37.9,27,78.2846715328467,18.01,35.045,37.94500015,26.4066666666667,0.0866666666666667,0,0,0,0
"2025-07-15 03:45:00",300,1,71,18,35.8,38.7,29,71.58,18.0966666666667,35.695,38.5950011,32.5,0,0,0,0,0
"2025-07-15 03:50:00",300,1,72.5,18,35.6,38.5,42,73.2333333333333,17.77,35.6125,38.5125012,52.6666666666667,0,0,0,0,0
"2025-07-15 03:55:00",300,1,75,20,36,38.9,29,75.13,20.0066666666667,35.9675,38.8675009,30.1766666666667,0,0,0,0,0
"2025-07-15 04:00:00",300,1,75,20,36,38.9,28,75.38,19.6466666666667,35.995,38.89500015,27.6566666666667,0,0,0,0,0
"2025-07-15 04:05:00",300,1,84,16,36,38.9,46.5,84.4956896551724,16.0166666666667,36,38.9,50.4133333333333,0.226666666666667,0,0,0,0
"2025-07-15 04:10:00",300,1,75,18,35.7,38.600002,33,77.8960573476703,17.55,35.7208333333333,38.6208340333333,42.04,0.07,0,0,0,0
"2025-07-15 04:15:00",300,1,74,20,36,38.9,25,73.7766666666667,19.9333333333333,35.9566666666667,38.8566668666667,26.1766666666667,0,0,0,0,0
"2025-07-15 04:20:00",300,1,72,18,36,38.9,30,72.1843971631206,17.5266666666667,36,38.9,29.7266666666667,0.06,0,0,0,0
"2025-07-15 04:25:00",300,1,70,19,36,38.9,43,71.0408163265306,18.72,36,38.9,48.7233333333333,0.02,0,0,0,0
"2025-07-15 04:30:00",300,1,72,18,36,38.9,41,72.03,17.8733333333333,36,38.9,40.21,0,0,0,0,0
"2025-07-15 04:35:00",300,1,70,19,36,38.9,40,70.4033333333333,18.84,36,38.9,39.5733333333333,0,0,0,0,0
"2025-07-15 04:40:00",300,1,71,18,36,38.9,51,71.6533333333333,18.0733333333333,36,38.9,55.7366666666667,0,0,0,0,0
"2025-07-15 04:45:00",300,1,70,18,36,38.9,44,70.1466666666667,18.19,36,38.9,55.1466666666667,0,0,0,0,0
"2025-07-15 04:50:00",300,1,69,18,36,38.9,38,69.0733333333333,18.97,36,38.9,37.9933333333333,0,0,0,0,0
"2025-07-15 04:55:00",300,1,68,19,36,38.9,40,68.6633333333333,19.2766666666667,36,38.9,38.4633333333333,0,0,0,0,0
"2025-07-15 05:00:00",300,1,68,19,36,38.9,33.5,68.3,19.5633333333333,36,38.9,35.26,0,0,0,0,0
"2025-07-15 05:05:00",300,1,68,19,36,38.9,39,68.3333333333333,18.7266666666667,36,38.9,48.12,0.02,0,0,0,0
"2025-07-15 05:10:00",300,1,65.5,18,36,38.9,40,65.7366666666667,17.66,36,38.9,41.2933333333333,0,0,0,0,0
"2025-07-15 05:15:00",300,1,66,18,36,38.9,64,67.1194539249147,17.31,36,38.9,64.56,0.0233333333333333,0,0,0,0
"2025-07-15 05:20:00",300,1,67,15,36,38.9,90,68.1388888888889,15.5566666666667,36,38.9,80.2166666666667,0.04,0,0,0,0
"2025-07-15 05:25:00",300,1,69,15,36,38.9,33,70.5265151515152,14.9833333333333,36,38.9,38.33,0.12,0,0,0,0
"2025-07-15 05:30:00",300,1,68,17,36,38.9,39.5,69.5084175084175,16.9,36,38.9,41.2133333333333,0.01,0,0,0,0
"2025-07-15 05:35:00",300,1,67,17,36,38.9,49,66.8813559322034,17.2866666666667,36,38.9,54.4466666666667,0.0166666666666667,0,0,0,0
"2025-07-15 05:40:00",300,1,66,19,36,38.9,37,66.2233333333333,18.67,36,38.9,36.38,0,0,0,0,0
"2025-07-15 05:45:00",300,1,68,18,36,38.9,39,67.7966101694915,17.7933333333333,36,38.9,40.6166666666667,0.0166666666666667,0,0,0,0
"2025-07-15 05:50:00",300,1,76,16,36,38.9,44,77.9090909090909,15.9266666666667,36,38.9,47.1766666666667,0.23,0,0,0,0
"2025-07-15 05:55:00",300,1,80,14,36,38.9,37,80.4018691588785,14.9,36,38.9,42.13,0.286666666666667,0,0,0,0
"2025-07-15 06:00:00",300,1,82,16,36,38.9,39,80.8901515151515,17.07,36,38.9,39.74,0.12,0,0,0,0
"2025-07-15 06:05:00",300,1,74,14,36,38.9,80,74.7971014492754,15.0433333333333,36,38.9,75.5366666666667,0.08,0,0,0,0
"2025-07-15 06:10:00",300,1,70,19,36,38.9,35,70.2,18.5566666666667,36,38.9,34.73,0,0,0,0,0
"2025-07-15 06:15:00",300,1,69,19,36,38.9,41,69.5,18.83,36,38.9,40.4266666666667,0,0,0,0,0
"2025-07-15 06:20:00",300,1,68,18,36,38.9,40,68.6266666666667,17.66,36,38.9,49.9766666666667,0,0,0,0,0
"2025-07-15 06:25:00",300,1,68,19,36,38.9,38,68.3084745762712,19.12,36.015,38.915,44.7166666666667,0.0166666666666667,0,0,0,0
"2025-07-15 06:30:00",300,1,74,17,36,38.9,76.5,73.6964285714286,17,36.0125,38.9125,61.1133333333333,0.0666666666666667,0,0,0,0
"2025-07-15 06:35:00",300,1,73,15,36,38.9,44,73.6842105263158,14.8566666666667,36.0011666666667,38.9011666666667,45.34,0.05,0,0,0,0
"2025-07-15 06:40:00",300,1,72,18,36,38.9,45.5,71.2203389830509,17.7933333333333,36.0398333333333,38.9398335533333,43.8166666666667,0.0166666666666667,0,0,0,0
"2025-07-15 06:45:00",300,1,72,13,36.5,39.4,52,73.1433691756272,13.4866666666667,36.4516666666667,39.3516673666667,56.34,0.07,0,0,0,0
"2025-07-15 06:50:00",300,1,72,14,36.275,39.175,56.5,72.5907335907336,13.5533333333333,36.321,39.22100058,68.38,0.136666666666667,0,0,0,0
"2025-07-15 06:55:00",300,1,68,13,36.4,39.300003,69,71.077519379845,13.0933333333333,36.4063333333333,39.3063337833333,80.4033333333333,0.14,0,0,0,0
"2025-07-15 07:00:00",300,1,67,14,36,38.9,45,67.056768558952,13.6066666666667,36.0075,38.9075,43.4966666666667,0.236666666666667,0,0,0,0
"2025-07-15 07:05:00",300,1,66,14,36,38.9,54,67.6913043478261,13.1333333333333,36.0523333333333,38.9523334333333,50.51,0.233333333333333,0,0,0,0
"2025-07-15 07:10:00",300,1,66,15,36,38.9,77,66.5812274368231,15.2466666666667,36.0026666666667,38.9026666666667,74.0566666666667,0.0766666666666667,0,0,0,0
"2025-07-15 07:15:00",300,1,64,15,36,38.9,49,64.45,15.03,36,38.9,50.1166666666667,0,0,0,0,0
"2025-07-15 07:20:00",300,1,65,15,36,38.9,47,65.8062283737024,14.8433333333333,36,38.9,52.18,0.0366666666666667,0,0,0,0
"2025-07-15 07:25:00",300,1,66,14,36,38.9,48,66.8033898305085,14.84,36,38.9,46.07,0.0166666666666667,0,0,0,0
"2025-07-15 07:30:00",300,1,67,15,36,38.9,47.5,68.4094202898551,14.27,36,38.9,53.3233333333333,0.08,0,0,0,0
"2025-07-15 07:35:00",300,1,70,18,36,38.9,36,70.1023890784983,17.63,36,38.9,61.2566666666667,0.0233333333333333,0,0,0,0
"2025-07-15 07:40:00",300,1,67,15,36,38.9,47,67.6170212765958,15.12,36,38.9,53.8833333333333,0.06,0,0,0,0
"2025-07-15 07:45:00",300,1,65,14,36,38.9,62,65.5618374558304,13.3266666666667,36,38.9,62.1433333333333,0.0566666666666667,0,0,0,0
"2025-07-15 07:50:00",300,1,65,12,36,38.9,78,65.86,12.7133333333333,36,38.9,78.2233333333333,0,0,0,0,0
"2025-07-15 07:55:00",300,1,65,15,36,38.9,50,65.226148409894,14.17,36,38.9,53.5966666666667,0.0566666666666667,0,0,0,0
"2025-07-15 08:00:00",300,1,66,14,36,38.9,48,66.6618705035971,14.2766666666667,36,38.9,46.69,0.0733333333333333,0,0,0,0
"2025-07-15 08:05:00",300,1,68,15,36,38.9,57.5,68.2244094488189,15.2466666666667,36,38.9,54.1133333333333,0.153333333333333,0,0,0,0
"2025-07-15 08:10:00",300,1,73,15,36,38.9,53,74.9595588235294,14.62,36,38.9,63.0833333333333,0.0933333333333333,0,0,0,0
"2025-07-15 08:15:00",300,1,68,13,36,38.9,91.5,68.1808118081181,13.08,36,38.9,88.2733333333333,0.0966666666666667,0,0,0,0
"2025-07-15 08:20:00",300,1,67,13,36,38.9,70,67.6273062730627,13.8866666666667,36,38.9,69.3866666666667,0.0966666666666667,0,0,0,0
"2025-07-15 08:25:00",300,1,68,12,36,38.9,55,68.4007092198582,12.71,36,38.9,52.69,0.06,0,0,0,0
"2025-07-15 08:30:00",300,1,71,13,36,38.9,57,71.2982456140351,12.9533333333333,36,38.9,58.37,0.05,0,0,0,0
"2025-07-15 08:35:00",300,1,70,15,36,38.9,49,70.6975088967972,14.7866666666667,36,38.9,64.34,0.0633333333333333,0,0,0,0
"2025-07-15 08:40:00",300,1,69,14,36,38.9,54,69.2344827586207,14.6566666666667,36,38.9,68.7566666666667,0.0333333333333333,0,0,0,0
"2025-07-15 08:45:00",300,1,69,13,36,38.9,55.5,68.6761133603239,14.1166666666667,36,38.9,54.7566666666667,0.176666666666667,0,0,0,0
"2025-07-15 08:50:00",300,1,67,13,36,38.9,58.5,67.3776978417266,12.7033333333333,36,38.9,78.16,0.0733333333333333,0,0,0,0
"2025-07-15 08:55:00",300,1,66,14,36,38.9,52,66.2342657342657,14.29,36,38.9,60.9433333333333,0.0466666666666667,0,0,0,0
"2025-07-15 09:00:00",83,1,66,15,36,38.9,50,68.6470588235294,15.8433734939759,36,38.9,53.9638554216867,0.180722891566265,0,0,0,0
